DATAFLOW,LAST UPDATE,freq,s_adj,indic,geo,TIME_PERIOD,OBS_VALUE,OBS_FLAG
ESTAT:EI_ISEN_M(1.0),18/01/23 11:00:00,M,NSA,IS-CEL-GWH,CZ,2008-01,6352.000,
ESTAT:EI_ISEN_M(1.0),18/01/23 11:00:00,M,NSA,IS-CEL-GWH,CZ,2008-02,5878.000,
ESTAT:EI_ISEN_M(1.0),18/01/23 11:00:00,M,NSA,IS-CEL-GWH,CZ,2008-03,6019.000,
ESTAT:EI_ISEN_M(1.0),18/01/23 11:00:00,M,NSA,IS-CEL-GWH,CZ,2008-04,5492.000,
ESTAT:EI_ISEN_M(1.0),18/01/23 11:00:00,M,NSA,IS-CEL-GWH,CZ,2008-05,5111.000,
ESTAT:EI_ISEN_M(1.0),18/01/23 11:00:00,M,NSA,IS-CEL-GWH,CZ,2008-06,4784.000,
ESTAT:EI_ISEN_M(1.0),18/01/23 11:00:00,M,NSA,IS-CEL-GWH,CZ,2008-07,4821.000,
ESTAT:EI_ISEN_M(1.0),18/01/23 11:00:00,M,NSA,IS-CEL-GWH,CZ,2008-08,4757.000,
ESTAT:EI_ISEN_M(1.0),18/01/23 11:00:00,M,NSA,IS-CEL-GWH,CZ,2008-09,5080.000,
ESTAT:EI_ISEN_M(1.0),18/01/23 11:00:00,M,NSA,IS-CEL-GWH,CZ,2008-10,5530.000,
ESTAT:EI_ISEN_M(1.0),18/01/23 11:00:00,M,NSA,IS-CEL-GWH,CZ,2008-11,5636.000,
ESTAT:EI_ISEN_M(1.0),18/01/23 11:00:00,M,NSA,IS-CEL-GWH,CZ,2008-12,5688.000,
ESTAT:EI_ISEN_M(1.0),18/01/23 11:00:00,M,NSA,IS-CEL-GWH,CZ,2009-01,6292.000,
ESTAT:EI_ISEN_M(1.0),18/01/23 11:00:00,M,NSA,IS-CEL-GWH,CZ,2009-02,5560.000,
ESTAT:EI_ISEN_M(1.0),18/01/23 11:00:00,M,NSA,IS-CEL-GWH,CZ,2009-03,5715.000,
ESTAT:EI_ISEN_M(1.0),18/01/23 11:00:00,M,NSA,IS-CEL-GWH,CZ,2009-04,4625.000,
ESTAT:EI_ISEN_M(1.0),18/01/23 11:00:00,M,NSA,IS-CEL-GWH,CZ,2009-05,4599.000,
ESTAT:EI_ISEN_M(1.0),18/01/23 11:00:00,M,NSA,IS-CEL-GWH,CZ,2009-06,4499.000,
ESTAT:EI_ISEN_M(1.0),18/01/23 11:00:00,M,NSA,IS-CEL-GWH,CZ,2009-07,4476.000,
ESTAT:EI_ISEN_M(1.0),18/01/23 11:00:00,M,NSA,IS-CEL-GWH,CZ,2009-08,4507.000,
ESTAT:EI_ISEN_M(1.0),18/01/23 11:00:00,M,NSA,IS-CEL-GWH,CZ,2009-09,4647.000,
ESTAT:EI_ISEN_M(1.0),18/01/23 11:00:00,M,NSA,IS-CEL-GWH,CZ,2009-10,5351.000,
ESTAT:EI_ISEN_M(1.0),18/01/23 11:00:00,M,NSA,IS-CEL-GWH,CZ,2009-11,5480.000,
ESTAT:EI_ISEN_M(1.0),18/01/23 11:00:00,M,NSA,IS-CEL-GWH,CZ,2009-12,5831.000,
ESTAT:EI_ISEN_M(1.0),18/01/23 11:00:00,M,NSA,IS-CEL-GWH,CZ,2010-01,6305.000,
ESTAT:EI_ISEN_M(1.0),18/01/23 11:00:00,M,NSA,IS-CEL-GWH,CZ,2010-02,5667.000,
ESTAT:EI_ISEN_M(1.0),18/01/23 11:00:00,M,NSA,IS-CEL-GWH,CZ,2010-03,5833.000,
ESTAT:EI_ISEN_M(1.0),18/01/23 11:00:00,M,NSA,IS-CEL-GWH,CZ,2010-04,5063.000,
ESTAT:EI_ISEN_M(1.0),18/01/23 11:00:00,M,NSA,IS-CEL-GWH,CZ,2010-05,4980.000,
ESTAT:EI_ISEN_M(1.0),18/01/23 11:00:00,M,NSA,IS-CEL-GWH,CZ,2010-06,4715.000,
ESTAT:EI_ISEN_M(1.0),18/01/23 11:00:00,M,NSA,IS-CEL-GWH,CZ,2010-07,4337.000,
ESTAT:EI_ISEN_M(1.0),18/01/23 11:00:00,M,NSA,IS-CEL-GWH,CZ,2010-08,4700.000,
ESTAT:EI_ISEN_M(1.0),18/01/23 11:00:00,M,NSA,IS-CEL-GWH,CZ,2010-09,4893.000,
ESTAT:EI_ISEN_M(1.0),18/01/23 11:00:00,M,NSA,IS-CEL-GWH,CZ,2010-10,5460.000,
ESTAT:EI_ISEN_M(1.0),18/01/23 11:00:00,M,NSA,IS-CEL-GWH,CZ,2010-11,5539.000,
ESTAT:EI_ISEN_M(1.0),18/01/23 11:00:00,M,NSA,IS-CEL-GWH,CZ,2010-12,6252.000,
ESTAT:EI_ISEN_M(1.0),18/01/23 11:00:00,M,NSA,IS-CEL-GWH,CZ,2011-01,6152.000,
ESTAT:EI_ISEN_M(1.0),18/01/23 11:00:00,M,NSA,IS-CEL-GWH,CZ,2011-02,5687.000,
ESTAT:EI_ISEN_M(1.0),18/01/23 11:00:00,M,NSA,IS-CEL-GWH,CZ,2011-03,5791.000,
ESTAT:EI_ISEN_M(1.0),18/01/23 11:00:00,M,NSA,IS-CEL-GWH,CZ,2011-04,4974.000,
ESTAT:EI_ISEN_M(1.0),18/01/23 11:00:00,M,NSA,IS-CEL-GWH,CZ,2011-05,4937.000,
ESTAT:EI_ISEN_M(1.0),18/01/23 11:00:00,M,NSA,IS-CEL-GWH,CZ,2011-06,4685.000,
ESTAT:EI_ISEN_M(1.0),18/01/23 11:00:00,M,NSA,IS-CEL-GWH,CZ,2011-07,4555.000,
ESTAT:EI_ISEN_M(1.0),18/01/23 11:00:00,M,NSA,IS-CEL-GWH,CZ,2011-08,4754.000,
ESTAT:EI_ISEN_M(1.0),18/01/23 11:00:00,M,NSA,IS-CEL-GWH,CZ,2011-09,4714.000,
ESTAT:EI_ISEN_M(1.0),18/01/23 11:00:00,M,NSA,IS-CEL-GWH,CZ,2011-10,5307.000,
ESTAT:EI_ISEN_M(1.0),18/01/23 11:00:00,M,NSA,IS-CEL-GWH,CZ,2011-11,5718.000,
ESTAT:EI_ISEN_M(1.0),18/01/23 11:00:00,M,NSA,IS-CEL-GWH,CZ,2011-12,5718.000,
ESTAT:EI_ISEN_M(1.0),18/01/23 11:00:00,M,NSA,IS-CEL-GWH,CZ,2012-01,6029.000,
ESTAT:EI_ISEN_M(1.0),18/01/23 11:00:00,M,NSA,IS-CEL-GWH,CZ,2012-02,6165.000,
ESTAT:EI_ISEN_M(1.0),18/01/23 11:00:00,M,NSA,IS-CEL-GWH,CZ,2012-03,5595.000,
ESTAT:EI_ISEN_M(1.0),18/01/23 11:00:00,M,NSA,IS-CEL-GWH,CZ,2012-04,5089.000,
ESTAT:EI_ISEN_M(1.0),18/01/23 11:00:00,M,NSA,IS-CEL-GWH,CZ,2012-05,4818.000,
ESTAT:EI_ISEN_M(1.0),18/01/23 11:00:00,M,NSA,IS-CEL-GWH,CZ,2012-06,4649.000,
ESTAT:EI_ISEN_M(1.0),18/01/23 11:00:00,M,NSA,IS-CEL-GWH,CZ,2012-07,4597.000,
ESTAT:EI_ISEN_M(1.0),18/01/23 11:00:00,M,NSA,IS-CEL-GWH,CZ,2012-08,4677.000,
ESTAT:EI_ISEN_M(1.0),18/01/23 11:00:00,M,NSA,IS-CEL-GWH,CZ,2012-09,4714.000,
ESTAT:EI_ISEN_M(1.0),18/01/23 11:00:00,M,NSA,IS-CEL-GWH,CZ,2012-10,5381.000,
ESTAT:EI_ISEN_M(1.0),18/01/23 11:00:00,M,NSA,IS-CEL-GWH,CZ,2012-11,5520.000,
ESTAT:EI_ISEN_M(1.0),18/01/23 11:00:00,M,NSA,IS-CEL-GWH,CZ,2012-12,5724.000,
ESTAT:EI_ISEN_M(1.0),18/01/23 11:00:00,M,NSA,IS-CEL-GWH,CZ,2013-01,6119.000,
ESTAT:EI_ISEN_M(1.0),18/01/23 11:00:00,M,NSA,IS-CEL-GWH,CZ,2013-02,5519.000,
ESTAT:EI_ISEN_M(1.0),18/01/23 11:00:00,M,NSA,IS-CEL-GWH,CZ,2013-03,5915.000,
ESTAT:EI_ISEN_M(1.0),18/01/23 11:00:00,M,NSA,IS-CEL-GWH,CZ,2013-04,5101.000,
ESTAT:EI_ISEN_M(1.0),18/01/23 11:00:00,M,NSA,IS-CEL-GWH,CZ,2013-05,4842.000,
ESTAT:EI_ISEN_M(1.0),18/01/23 11:00:00,M,NSA,IS-CEL-GWH,CZ,2013-06,4609.000,
ESTAT:EI_ISEN_M(1.0),18/01/23 11:00:00,M,NSA,IS-CEL-GWH,CZ,2013-07,4557.000,
ESTAT:EI_ISEN_M(1.0),18/01/23 11:00:00,M,NSA,IS-CEL-GWH,CZ,2013-08,4667.000,
ESTAT:EI_ISEN_M(1.0),18/01/23 11:00:00,M,NSA,IS-CEL-GWH,CZ,2013-09,4816.000,
ESTAT:EI_ISEN_M(1.0),18/01/23 11:00:00,M,NSA,IS-CEL-GWH,CZ,2013-10,5320.000,
ESTAT:EI_ISEN_M(1.0),18/01/23 11:00:00,M,NSA,IS-CEL-GWH,CZ,2013-11,5572.000,
ESTAT:EI_ISEN_M(1.0),18/01/23 11:00:00,M,NSA,IS-CEL-GWH,CZ,2013-12,5651.000,
ESTAT:EI_ISEN_M(1.0),18/01/23 11:00:00,M,NSA,IS-CEL-GWH,CZ,2014-01,5904.000,
ESTAT:EI_ISEN_M(1.0),18/01/23 11:00:00,M,NSA,IS-CEL-GWH,CZ,2014-02,5303.000,
ESTAT:EI_ISEN_M(1.0),18/01/23 11:00:00,M,NSA,IS-CEL-GWH,CZ,2014-03,5420.000,
ESTAT:EI_ISEN_M(1.0),18/01/23 11:00:00,M,NSA,IS-CEL-GWH,CZ,2014-04,5007.000,
ESTAT:EI_ISEN_M(1.0),18/01/23 11:00:00,M,NSA,IS-CEL-GWH,CZ,2014-05,5023.000,
ESTAT:EI_ISEN_M(1.0),18/01/23 11:00:00,M,NSA,IS-CEL-GWH,CZ,2014-06,5056.000,
ESTAT:EI_ISEN_M(1.0),18/01/23 11:00:00,M,NSA,IS-CEL-GWH,CZ,2014-07,4765.000,
ESTAT:EI_ISEN_M(1.0),18/01/23 11:00:00,M,NSA,IS-CEL-GWH,CZ,2014-08,4590.000,
ESTAT:EI_ISEN_M(1.0),18/01/23 11:00:00,M,NSA,IS-CEL-GWH,CZ,2014-09,4816.000,
ESTAT:EI_ISEN_M(1.0),18/01/23 11:00:00,M,NSA,IS-CEL-GWH,CZ,2014-10,5258.000,
ESTAT:EI_ISEN_M(1.0),18/01/23 11:00:00,M,NSA,IS-CEL-GWH,CZ,2014-11,5414.000,
ESTAT:EI_ISEN_M(1.0),18/01/23 11:00:00,M,NSA,IS-CEL-GWH,CZ,2014-12,5653.000,
ESTAT:EI_ISEN_M(1.0),18/01/23 11:00:00,M,NSA,IS-CEL-GWH,CZ,2015-01,6034.000,
ESTAT:EI_ISEN_M(1.0),18/01/23 11:00:00,M,NSA,IS-CEL-GWH,CZ,2015-02,5585.000,
ESTAT:EI_ISEN_M(1.0),18/01/23 11:00:00,M,NSA,IS-CEL-GWH,CZ,2015-03,5777.000,
ESTAT:EI_ISEN_M(1.0),18/01/23 11:00:00,M,NSA,IS-CEL-GWH,CZ,2015-04,5202.000,
ESTAT:EI_ISEN_M(1.0),18/01/23 11:00:00,M,NSA,IS-CEL-GWH,CZ,2015-05,4971.000,
ESTAT:EI_ISEN_M(1.0),18/01/23 11:00:00,M,NSA,IS-CEL-GWH,CZ,2015-06,4788.000,
ESTAT:EI_ISEN_M(1.0),18/01/23 11:00:00,M,NSA,IS-CEL-GWH,CZ,2015-07,4861.000,
ESTAT:EI_ISEN_M(1.0),18/01/23 11:00:00,M,NSA,IS-CEL-GWH,CZ,2015-08,4642.000,
ESTAT:EI_ISEN_M(1.0),18/01/23 11:00:00,M,NSA,IS-CEL-GWH,CZ,2015-09,4866.000,
ESTAT:EI_ISEN_M(1.0),18/01/23 11:00:00,M,NSA,IS-CEL-GWH,CZ,2015-10,5509.000,
ESTAT:EI_ISEN_M(1.0),18/01/23 11:00:00,M,NSA,IS-CEL-GWH,CZ,2015-11,5556.000,
ESTAT:EI_ISEN_M(1.0),18/01/23 11:00:00,M,NSA,IS-CEL-GWH,CZ,2015-12,5627.000,
ESTAT:EI_ISEN_M(1.0),18/01/23 11:00:00,M,NSA,IS-CEL-GWH,CZ,2016-01,6269.000,
ESTAT:EI_ISEN_M(1.0),18/01/23 11:00:00,M,NSA,IS-CEL-GWH,CZ,2016-02,5606.000,
ESTAT:EI_ISEN_M(1.0),18/01/23 11:00:00,M,NSA,IS-CEL-GWH,CZ,2016-03,5815.000,
ESTAT:EI_ISEN_M(1.0),18/01/23 11:00:00,M,NSA,IS-CEL-GWH,CZ,2016-04,5228.000,
ESTAT:EI_ISEN_M(1.0),18/01/23 11:00:00,M,NSA,IS-CEL-GWH,CZ,2016-05,5114.000,
ESTAT:EI_ISEN_M(1.0),18/01/23 11:00:00,M,NSA,IS-CEL-GWH,CZ,2016-06,4811.000,
ESTAT:EI_ISEN_M(1.0),18/01/23 11:00:00,M,NSA,IS-CEL-GWH,CZ,2016-07,4639.000,
ESTAT:EI_ISEN_M(1.0),18/01/23 11:00:00,M,NSA,IS-CEL-GWH,CZ,2016-08,4835.000,
ESTAT:EI_ISEN_M(1.0),18/01/23 11:00:00,M,NSA,IS-CEL-GWH,CZ,2016-09,4942.000,
ESTAT:EI_ISEN_M(1.0),18/01/23 11:00:00,M,NSA,IS-CEL-GWH,CZ,2016-10,5561.000,
ESTAT:EI_ISEN_M(1.0),18/01/23 11:00:00,M,NSA,IS-CEL-GWH,CZ,2016-11,5902.000,
ESTAT:EI_ISEN_M(1.0),18/01/23 11:00:00,M,NSA,IS-CEL-GWH,CZ,2016-12,6110.000,
ESTAT:EI_ISEN_M(1.0),18/01/23 11:00:00,M,NSA,IS-CEL-GWH,CZ,2017-01,6358.719,
ESTAT:EI_ISEN_M(1.0),18/01/23 11:00:00,M,NSA,IS-CEL-GWH,CZ,2017-02,5423.970,
ESTAT:EI_ISEN_M(1.0),18/01/23 11:00:00,M,NSA,IS-CEL-GWH,CZ,2017-03,5517.405,
ESTAT:EI_ISEN_M(1.0),18/01/23 11:00:00,M,NSA,IS-CEL-GWH,CZ,2017-04,5011.044,
ESTAT:EI_ISEN_M(1.0),18/01/23 11:00:00,M,NSA,IS-CEL-GWH,CZ,2017-05,4883.905,
ESTAT:EI_ISEN_M(1.0),18/01/23 11:00:00,M,NSA,IS-CEL-GWH,CZ,2017-06,4634.410,
ESTAT:EI_ISEN_M(1.0),18/01/23 11:00:00,M,NSA,IS-CEL-GWH,CZ,2017-07,4439.907,
ESTAT:EI_ISEN_M(1.0),18/01/23 11:00:00,M,NSA,IS-CEL-GWH,CZ,2017-08,4650.574,
ESTAT:EI_ISEN_M(1.0),18/01/23 11:00:00,M,NSA,IS-CEL-GWH,CZ,2017-09,4746.667,
ESTAT:EI_ISEN_M(1.0),18/01/23 11:00:00,M,NSA,IS-CEL-GWH,CZ,2017-10,5244.115,
ESTAT:EI_ISEN_M(1.0),18/01/23 11:00:00,M,NSA,IS-CEL-GWH,CZ,2017-11,5577.755,
ESTAT:EI_ISEN_M(1.0),18/01/23 11:00:00,M,NSA,IS-CEL-GWH,CZ,2017-12,5635.755,
ESTAT:EI_ISEN_M(1.0),18/01/23 11:00:00,M,NSA,IS-CEL-GWH,CZ,2018-01,5922.149,
ESTAT:EI_ISEN_M(1.0),18/01/23 11:00:00,M,NSA,IS-CEL-GWH,CZ,2018-02,5649.188,
ESTAT:EI_ISEN_M(1.0),18/01/23 11:00:00,M,NSA,IS-CEL-GWH,CZ,2018-03,6013.260,
ESTAT:EI_ISEN_M(1.0),18/01/23 11:00:00,M,NSA,IS-CEL-GWH,CZ,2018-04,4821.882,
ESTAT:EI_ISEN_M(1.0),18/01/23 11:00:00,M,NSA,IS-CEL-GWH,CZ,2018-05,4823.044,
ESTAT:EI_ISEN_M(1.0),18/01/23 11:00:00,M,NSA,IS-CEL-GWH,CZ,2018-06,4681.789,
ESTAT:EI_ISEN_M(1.0),18/01/23 11:00:00,M,NSA,IS-CEL-GWH,CZ,2018-07,4586.606,
ESTAT:EI_ISEN_M(1.0),18/01/23 11:00:00,M,NSA,IS-CEL-GWH,CZ,2018-08,4774.112,
ESTAT:EI_ISEN_M(1.0),18/01/23 11:00:00,M,NSA,IS-CEL-GWH,CZ,2018-09,4643.543,
ESTAT:EI_ISEN_M(1.0),18/01/23 11:00:00,M,NSA,IS-CEL-GWH,CZ,2018-10,5248.375,
ESTAT:EI_ISEN_M(1.0),18/01/23 11:00:00,M,NSA,IS-CEL-GWH,CZ,2018-11,5587.603,
ESTAT:EI_ISEN_M(1.0),18/01/23 11:00:00,M,NSA,IS-CEL-GWH,CZ,2018-12,5666.716,
ESTAT:EI_ISEN_M(1.0),18/01/23 11:00:00,M,NSA,IS-CEL-GWH,CZ,2019-01,6230.192,
ESTAT:EI_ISEN_M(1.0),18/01/23 11:00:00,M,NSA,IS-CEL-GWH,CZ,2019-02,5445.047,
ESTAT:EI_ISEN_M(1.0),18/01/23 11:00:00,M,NSA,IS-CEL-GWH,CZ,2019-03,5587.586,
ESTAT:EI_ISEN_M(1.0),18/01/23 11:00:00,M,NSA,IS-CEL-GWH,CZ,2019-04,4987.519,
ESTAT:EI_ISEN_M(1.0),18/01/23 11:00:00,M,NSA,IS-CEL-GWH,CZ,2019-05,5081.291,
ESTAT:EI_ISEN_M(1.0),18/01/23 11:00:00,M,NSA,IS-CEL-GWH,CZ,2019-06,4674.029,
ESTAT:EI_ISEN_M(1.0),18/01/23 11:00:00,M,NSA,IS-CEL-GWH,CZ,2019-07,4583.680,
ESTAT:EI_ISEN_M(1.0),18/01/23 11:00:00,M,NSA,IS-CEL-GWH,CZ,2019-08,4662.247,
ESTAT:EI_ISEN_M(1.0),18/01/23 11:00:00,M,NSA,IS-CEL-GWH,CZ,2019-09,4724.159,
ESTAT:EI_ISEN_M(1.0),18/01/23 11:00:00,M,NSA,IS-CEL-GWH,CZ,2019-10,5223.525,
ESTAT:EI_ISEN_M(1.0),18/01/23 11:00:00,M,NSA,IS-CEL-GWH,CZ,2019-11,5479.198,
ESTAT:EI_ISEN_M(1.0),18/01/23 11:00:00,M,NSA,IS-CEL-GWH,CZ,2019-12,5538.540,
ESTAT:EI_ISEN_M(1.0),18/01/23 11:00:00,M,NSA,IS-CEL-GWH,CZ,2020-01,6046.774,
ESTAT:EI_ISEN_M(1.0),18/01/23 11:00:00,M,NSA,IS-CEL-GWH,CZ,2020-02,5500.085,
ESTAT:EI_ISEN_M(1.0),18/01/23 11:00:00,M,NSA,IS-CEL-GWH,CZ,2020-03,5494.874,
ESTAT:EI_ISEN_M(1.0),18/01/23 11:00:00,M,NSA,IS-CEL-GWH,CZ,2020-04,4385.871,
ESTAT:EI_ISEN_M(1.0),18/01/23 11:00:00,M,NSA,IS-CEL-GWH,CZ,2020-05,4465.521,
ESTAT:EI_ISEN_M(1.0),18/01/23 11:00:00,M,NSA,IS-CEL-GWH,CZ,2020-06,4410.868,
ESTAT:EI_ISEN_M(1.0),18/01/23 11:00:00,M,NSA,IS-CEL-GWH,CZ,2020-07,4443.015,
ESTAT:EI_ISEN_M(1.0),18/01/23 11:00:00,M,NSA,IS-CEL-GWH,CZ,2020-08,4520.956,
ESTAT:EI_ISEN_M(1.0),18/01/23 11:00:00,M,NSA,IS-CEL-GWH,CZ,2020-09,4673.722,
ESTAT:EI_ISEN_M(1.0),18/01/23 11:00:00,M,NSA,IS-CEL-GWH,CZ,2020-10,5202.345,
ESTAT:EI_ISEN_M(1.0),18/01/23 11:00:00,M,NSA,IS-CEL-GWH,CZ,2020-11,5447.441,
ESTAT:EI_ISEN_M(1.0),18/01/23 11:00:00,M,NSA,IS-CEL-GWH,CZ,2020-12,5620.963,
ESTAT:EI_ISEN_M(1.0),18/01/23 11:00:00,M,NSA,IS-CEL-GWH,CZ,2021-01,6084.635,
ESTAT:EI_ISEN_M(1.0),18/01/23 11:00:00,M,NSA,IS-CEL-GWH,CZ,2021-02,5659.643,
ESTAT:EI_ISEN_M(1.0),18/01/23 11:00:00,M,NSA,IS-CEL-GWH,CZ,2021-03,5852.019,
ESTAT:EI_ISEN_M(1.0),18/01/23 11:00:00,M,NSA,IS-CEL-GWH,CZ,2021-04,5233.452,
ESTAT:EI_ISEN_M(1.0),18/01/23 11:00:00,M,NSA,IS-CEL-GWH,CZ,2021-05,5055.047,
ESTAT:EI_ISEN_M(1.0),18/01/23 11:00:00,M,NSA,IS-CEL-GWH,CZ,2021-06,4718.808,
ESTAT:EI_ISEN_M(1.0),18/01/23 11:00:00,M,NSA,IS-CEL-GWH,CZ,2021-07,4563.705,
ESTAT:EI_ISEN_M(1.0),18/01/23 11:00:00,M,NSA,IS-CEL-GWH,CZ,2021-08,4585.697,
ESTAT:EI_ISEN_M(1.0),18/01/23 11:00:00,M,NSA,IS-CEL-GWH,CZ,2021-09,4683.319,
ESTAT:EI_ISEN_M(1.0),18/01/23 11:00:00,M,NSA,IS-CEL-GWH,CZ,2021-10,5168.439,
ESTAT:EI_ISEN_M(1.0),18/01/23 11:00:00,M,NSA,IS-CEL-GWH,CZ,2021-11,5577.895,
ESTAT:EI_ISEN_M(1.0),18/01/23 11:00:00,M,NSA,IS-CEL-GWH,CZ,2021-12,5813.644,
ESTAT:EI_ISEN_M(1.0),18/01/23 11:00:00,M,NSA,IS-CEL-GWH,CZ,2022-01,6036.052,
ESTAT:EI_ISEN_M(1.0),18/01/23 11:00:00,M,NSA,IS-CEL-GWH,CZ,2022-02,5329.437,
ESTAT:EI_ISEN_M(1.0),18/01/23 11:00:00,M,NSA,IS-CEL-GWH,CZ,2022-03,5722.632,
ESTAT:EI_ISEN_M(1.0),18/01/23 11:00:00,M,NSA,IS-CEL-GWH,CZ,2022-04,5110.323,
ESTAT:EI_ISEN_M(1.0),18/01/23 11:00:00,M,NSA,IS-CEL-GWH,CZ,2022-05,4811.335,
ESTAT:EI_ISEN_M(1.0),18/01/23 11:00:00,M,NSA,IS-CEL-GWH,CZ,2022-06,4598.681,
ESTAT:EI_ISEN_M(1.0),18/01/23 11:00:00,M,NSA,IS-CEL-GWH,CZ,2022-07,4354.947,
ESTAT:EI_ISEN_M(1.0),18/01/23 11:00:00,M,NSA,IS-CEL-GWH,CZ,2022-08,4494.839,
ESTAT:EI_ISEN_M(1.0),18/01/23 11:00:00,M,NSA,IS-CEL-GWH,CZ,2022-09,4565.469,
ESTAT:EI_ISEN_M(1.0),18/01/23 11:00:00,M,NSA,IS-CEL-GWH,CZ,2022-10,4789.209,
ESTAT:EI_ISEN_M(1.0),18/01/23 11:00:00,M,NSA,IS-CNG-TJ,CZ,2008-01,47394.000,
ESTAT:EI_ISEN_M(1.0),18/01/23 11:00:00,M,NSA,IS-CNG-TJ,CZ,2008-02,40149.000,
ESTAT:EI_ISEN_M(1.0),18/01/23 11:00:00,M,NSA,IS-CNG-TJ,CZ,2008-03,40354.000,
ESTAT:EI_ISEN_M(1.0),18/01/23 11:00:00,M,NSA,IS-CNG-TJ,CZ,2008-04,27020.000,
ESTAT:EI_ISEN_M(1.0),18/01/23 11:00:00,M,NSA,IS-CNG-TJ,CZ,2008-05,16660.000,
ESTAT:EI_ISEN_M(1.0),18/01/23 11:00:00,M,NSA,IS-CNG-TJ,CZ,2008-06,12320.000,
ESTAT:EI_ISEN_M(1.0),18/01/23 11:00:00,M,NSA,IS-CNG-TJ,CZ,2008-07,12156.000,
ESTAT:EI_ISEN_M(1.0),18/01/23 11:00:00,M,NSA,IS-CNG-TJ,CZ,2008-08,11648.000,
ESTAT:EI_ISEN_M(1.0),18/01/23 11:00:00,M,NSA,IS-CNG-TJ,CZ,2008-09,19144.000,
ESTAT:EI_ISEN_M(1.0),18/01/23 11:00:00,M,NSA,IS-CNG-TJ,CZ,2008-10,27484.000,
ESTAT:EI_ISEN_M(1.0),18/01/23 11:00:00,M,NSA,IS-CNG-TJ,CZ,2008-11,34886.000,
ESTAT:EI_ISEN_M(1.0),18/01/23 11:00:00,M,NSA,IS-CNG-TJ,CZ,2008-12,41807.000,
ESTAT:EI_ISEN_M(1.0),18/01/23 11:00:00,M,NSA,IS-CNG-TJ,CZ,2009-01,52397.000,
ESTAT:EI_ISEN_M(1.0),18/01/23 11:00:00,M,NSA,IS-CNG-TJ,CZ,2009-02,42073.000,
ESTAT:EI_ISEN_M(1.0),18/01/23 11:00:00,M,NSA,IS-CNG-TJ,CZ,2009-03,36976.000,
ESTAT:EI_ISEN_M(1.0),18/01/23 11:00:00,M,NSA,IS-CNG-TJ,CZ,2009-04,15842.000,
ESTAT:EI_ISEN_M(1.0),18/01/23 11:00:00,M,NSA,IS-CNG-TJ,CZ,2009-05,13190.000,
ESTAT:EI_ISEN_M(1.0),18/01/23 11:00:00,M,NSA,IS-CNG-TJ,CZ,2009-06,12512.000,
ESTAT:EI_ISEN_M(1.0),18/01/23 11:00:00,M,NSA,IS-CNG-TJ,CZ,2009-07,11046.000,
ESTAT:EI_ISEN_M(1.0),18/01/23 11:00:00,M,NSA,IS-CNG-TJ,CZ,2009-08,10735.000,
ESTAT:EI_ISEN_M(1.0),18/01/23 11:00:00,M,NSA,IS-CNG-TJ,CZ,2009-09,12775.000,
ESTAT:EI_ISEN_M(1.0),18/01/23 11:00:00,M,NSA,IS-CNG-TJ,CZ,2009-10,27600.000,
ESTAT:EI_ISEN_M(1.0),18/01/23 11:00:00,M,NSA,IS-CNG-TJ,CZ,2009-11,33838.000,
ESTAT:EI_ISEN_M(1.0),18/01/23 11:00:00,M,NSA,IS-CNG-TJ,CZ,2009-12,43221.000,
ESTAT:EI_ISEN_M(1.0),18/01/23 11:00:00,M,NSA,IS-CNG-TJ,CZ,2010-01,53854.000,
ESTAT:EI_ISEN_M(1.0),18/01/23 11:00:00,M,NSA,IS-CNG-TJ,CZ,2010-02,44490.000,
ESTAT:EI_ISEN_M(1.0),18/01/23 11:00:00,M,NSA,IS-CNG-TJ,CZ,2010-03,38400.000,
ESTAT:EI_ISEN_M(1.0),18/01/23 11:00:00,M,NSA,IS-CNG-TJ,CZ,2010-04,31611.000,
ESTAT:EI_ISEN_M(1.0),18/01/23 11:00:00,M,NSA,IS-CNG-TJ,CZ,2010-05,18951.000,
ESTAT:EI_ISEN_M(1.0),18/01/23 11:00:00,M,NSA,IS-CNG-TJ,CZ,2010-06,14776.000,
ESTAT:EI_ISEN_M(1.0),18/01/23 11:00:00,M,NSA,IS-CNG-TJ,CZ,2010-07,11085.000,
ESTAT:EI_ISEN_M(1.0),18/01/23 11:00:00,M,NSA,IS-CNG-TJ,CZ,2010-08,12283.000,
ESTAT:EI_ISEN_M(1.0),18/01/23 11:00:00,M,NSA,IS-CNG-TJ,CZ,2010-09,17724.000,
ESTAT:EI_ISEN_M(1.0),18/01/23 11:00:00,M,NSA,IS-CNG-TJ,CZ,2010-10,27298.000,
ESTAT:EI_ISEN_M(1.0),18/01/23 11:00:00,M,NSA,IS-CNG-TJ,CZ,2010-11,33408.000,
ESTAT:EI_ISEN_M(1.0),18/01/23 11:00:00,M,NSA,IS-CNG-TJ,CZ,2010-12,53991.000,
ESTAT:EI_ISEN_M(1.0),18/01/23 11:00:00,M,NSA,IS-CNG-TJ,CZ,2011-01,48041.000,
ESTAT:EI_ISEN_M(1.0),18/01/23 11:00:00,M,NSA,IS-CNG-TJ,CZ,2011-02,44311.000,
ESTAT:EI_ISEN_M(1.0),18/01/23 11:00:00,M,NSA,IS-CNG-TJ,CZ,2011-03,36572.000,
ESTAT:EI_ISEN_M(1.0),18/01/23 11:00:00,M,NSA,IS-CNG-TJ,CZ,2011-04,21200.000,
ESTAT:EI_ISEN_M(1.0),18/01/23 11:00:00,M,NSA,IS-CNG-TJ,CZ,2011-05,16341.000,
ESTAT:EI_ISEN_M(1.0),18/01/23 11:00:00,M,NSA,IS-CNG-TJ,CZ,2011-06,12664.000,
ESTAT:EI_ISEN_M(1.0),18/01/23 11:00:00,M,NSA,IS-CNG-TJ,CZ,2011-07,12642.000,
ESTAT:EI_ISEN_M(1.0),18/01/23 11:00:00,M,NSA,IS-CNG-TJ,CZ,2011-08,11961.000,
ESTAT:EI_ISEN_M(1.0),18/01/23 11:00:00,M,NSA,IS-CNG-TJ,CZ,2011-09,13059.000,
ESTAT:EI_ISEN_M(1.0),18/01/23 11:00:00,M,NSA,IS-CNG-TJ,CZ,2011-10,26056.000,
ESTAT:EI_ISEN_M(1.0),18/01/23 11:00:00,M,NSA,IS-CNG-TJ,CZ,2011-11,37479.000,
ESTAT:EI_ISEN_M(1.0),18/01/23 11:00:00,M,NSA,IS-CNG-TJ,CZ,2011-12,34804.000,
ESTAT:EI_ISEN_M(1.0),18/01/23 11:00:00,M,NSA,IS-CNG-TJ,CZ,2012-01,43759.000,
ESTAT:EI_ISEN_M(1.0),18/01/23 11:00:00,M,NSA,IS-CNG-TJ,CZ,2012-02,51474.000,
ESTAT:EI_ISEN_M(1.0),18/01/23 11:00:00,M,NSA,IS-CNG-TJ,CZ,2012-03,31439.000,
ESTAT:EI_ISEN_M(1.0),18/01/23 11:00:00,M,NSA,IS-CNG-TJ,CZ,2012-04,23546.000,
ESTAT:EI_ISEN_M(1.0),18/01/23 11:00:00,M,NSA,IS-CNG-TJ,CZ,2012-05,13804.000,
ESTAT:EI_ISEN_M(1.0),18/01/23 11:00:00,M,NSA,IS-CNG-TJ,CZ,2012-06,10804.000,
ESTAT:EI_ISEN_M(1.0),18/01/23 11:00:00,M,NSA,IS-CNG-TJ,CZ,2012-07,10822.000,
ESTAT:EI_ISEN_M(1.0),18/01/23 11:00:00,M,NSA,IS-CNG-TJ,CZ,2012-08,10822.000,
ESTAT:EI_ISEN_M(1.0),18/01/23 11:00:00,M,NSA,IS-CNG-TJ,CZ,2012-09,13050.000,
ESTAT:EI_ISEN_M(1.0),18/01/23 11:00:00,M,NSA,IS-CNG-TJ,CZ,2012-10,26002.000,
ESTAT:EI_ISEN_M(1.0),18/01/23 11:00:00,M,NSA,IS-CNG-TJ,CZ,2012-11,32357.000,
ESTAT:EI_ISEN_M(1.0),18/01/23 11:00:00,M,NSA,IS-CNG-TJ,CZ,2012-12,44385.000,
ESTAT:EI_ISEN_M(1.0),18/01/23 11:00:00,M,NSA,IS-CNG-TJ,CZ,2013-01,46748.000,
ESTAT:EI_ISEN_M(1.0),18/01/23 11:00:00,M,NSA,IS-CNG-TJ,CZ,2013-02,40484.000,
ESTAT:EI_ISEN_M(1.0),18/01/23 11:00:00,M,NSA,IS-CNG-TJ,CZ,2013-03,41558.000,
ESTAT:EI_ISEN_M(1.0),18/01/23 11:00:00,M,NSA,IS-CNG-TJ,CZ,2013-04,25556.000,
ESTAT:EI_ISEN_M(1.0),18/01/23 11:00:00,M,NSA,IS-CNG-TJ,CZ,2013-05,16480.000,
ESTAT:EI_ISEN_M(1.0),18/01/23 11:00:00,M,NSA,IS-CNG-TJ,CZ,2013-06,13232.000,
ESTAT:EI_ISEN_M(1.0),18/01/23 11:00:00,M,NSA,IS-CNG-TJ,CZ,2013-07,11371.000,
ESTAT:EI_ISEN_M(1.0),18/01/23 11:00:00,M,NSA,IS-CNG-TJ,CZ,2013-08,11480.000,
ESTAT:EI_ISEN_M(1.0),18/01/23 11:00:00,M,NSA,IS-CNG-TJ,CZ,2013-09,15545.000,
ESTAT:EI_ISEN_M(1.0),18/01/23 11:00:00,M,NSA,IS-CNG-TJ,CZ,2013-10,24878.000,
ESTAT:EI_ISEN_M(1.0),18/01/23 11:00:00,M,NSA,IS-CNG-TJ,CZ,2013-11,34684.000,p
ESTAT:EI_ISEN_M(1.0),18/01/23 11:00:00,M,NSA,IS-CNG-TJ,CZ,2013-12,39715.000,p
ESTAT:EI_ISEN_M(1.0),18/01/23 11:00:00,M,NSA,IS-CNG-TJ,CZ,2014-01,41546.000,p
ESTAT:EI_ISEN_M(1.0),18/01/23 11:00:00,M,NSA,IS-CNG-TJ,CZ,2014-02,34875.000,
ESTAT:EI_ISEN_M(1.0),18/01/23 11:00:00,M,NSA,IS-CNG-TJ,CZ,2014-03,30727.000,
ESTAT:EI_ISEN_M(1.0),18/01/23 11:00:00,M,NSA,IS-CNG-TJ,CZ,2014-04,19653.000,
ESTAT:EI_ISEN_M(1.0),18/01/23 11:00:00,M,NSA,IS-CNG-TJ,CZ,2014-05,17425.000,
ESTAT:EI_ISEN_M(1.0),18/01/23 11:00:00,M,NSA,IS-CNG-TJ,CZ,2014-06,12482.000,
ESTAT:EI_ISEN_M(1.0),18/01/23 11:00:00,M,NSA,IS-CNG-TJ,CZ,2014-07,12017.000,
ESTAT:EI_ISEN_M(1.0),18/01/23 11:00:00,M,NSA,IS-CNG-TJ,CZ,2014-08,12084.000,
ESTAT:EI_ISEN_M(1.0),18/01/23 11:00:00,M,NSA,IS-CNG-TJ,CZ,2014-09,14879.000,
ESTAT:EI_ISEN_M(1.0),18/01/23 11:00:00,M,NSA,IS-CNG-TJ,CZ,2014-10,22848.000,
ESTAT:EI_ISEN_M(1.0),18/01/23 11:00:00,M,NSA,IS-CNG-TJ,CZ,2014-11,30277.000,
ESTAT:EI_ISEN_M(1.0),18/01/23 11:00:00,M,NSA,IS-CNG-TJ,CZ,2014-12,38504.000,
ESTAT:EI_ISEN_M(1.0),18/01/23 11:00:00,M,NSA,IS-CNG-TJ,CZ,2015-01,42194.000,
ESTAT:EI_ISEN_M(1.0),18/01/23 11:00:00,M,NSA,IS-CNG-TJ,CZ,2015-02,38607.000,
ESTAT:EI_ISEN_M(1.0),18/01/23 11:00:00,M,NSA,IS-CNG-TJ,CZ,2015-03,33534.000,
ESTAT:EI_ISEN_M(1.0),18/01/23 11:00:00,M,NSA,IS-CNG-TJ,CZ,2015-04,25171.000,
ESTAT:EI_ISEN_M(1.0),18/01/23 11:00:00,M,NSA,IS-CNG-TJ,CZ,2015-05,16408.000,
ESTAT:EI_ISEN_M(1.0),18/01/23 11:00:00,M,NSA,IS-CNG-TJ,CZ,2015-06,12975.000,
ESTAT:EI_ISEN_M(1.0),18/01/23 11:00:00,M,NSA,IS-CNG-TJ,CZ,2015-07,12056.000,
ESTAT:EI_ISEN_M(1.0),18/01/23 11:00:00,M,NSA,IS-CNG-TJ,CZ,2015-08,11446.000,
ESTAT:EI_ISEN_M(1.0),18/01/23 11:00:00,M,NSA,IS-CNG-TJ,CZ,2015-09,14431.000,
ESTAT:EI_ISEN_M(1.0),18/01/23 11:00:00,M,NSA,IS-CNG-TJ,CZ,2015-10,27560.000,
ESTAT:EI_ISEN_M(1.0),18/01/23 11:00:00,M,NSA,IS-CNG-TJ,CZ,2015-11,31677.000,
ESTAT:EI_ISEN_M(1.0),18/01/23 11:00:00,M,NSA,IS-CNG-TJ,CZ,2015-12,35474.000,
ESTAT:EI_ISEN_M(1.0),18/01/23 11:00:00,M,NSA,IS-CNG-TJ,CZ,2016-01,46465.000,
ESTAT:EI_ISEN_M(1.0),18/01/23 11:00:00,M,NSA,IS-CNG-TJ,CZ,2016-02,35032.000,
ESTAT:EI_ISEN_M(1.0),18/01/23 11:00:00,M,NSA,IS-CNG-TJ,CZ,2016-03,35265.000,
ESTAT:EI_ISEN_M(1.0),18/01/23 11:00:00,M,NSA,IS-CNG-TJ,CZ,2016-04,24012.000,
ESTAT:EI_ISEN_M(1.0),18/01/23 11:00:00,M,NSA,IS-CNG-TJ,CZ,2016-05,16638.000,
ESTAT:EI_ISEN_M(1.0),18/01/23 11:00:00,M,NSA,IS-CNG-TJ,CZ,2016-06,12880.000,
ESTAT:EI_ISEN_M(1.0),18/01/23 11:00:00,M,NSA,IS-CNG-TJ,CZ,2016-07,12064.000,
ESTAT:EI_ISEN_M(1.0),18/01/23 11:00:00,M,NSA,IS-CNG-TJ,CZ,2016-08,13089.000,
ESTAT:EI_ISEN_M(1.0),18/01/23 11:00:00,M,NSA,IS-CNG-TJ,CZ,2016-09,16116.000,
ESTAT:EI_ISEN_M(1.0),18/01/23 11:00:00,M,NSA,IS-CNG-TJ,CZ,2016-10,30359.000,
ESTAT:EI_ISEN_M(1.0),18/01/23 11:00:00,M,NSA,IS-CNG-TJ,CZ,2016-11,38361.000,
ESTAT:EI_ISEN_M(1.0),18/01/23 11:00:00,M,NSA,IS-CNG-TJ,CZ,2016-12,46114.000,
ESTAT:EI_ISEN_M(1.0),18/01/23 11:00:00,M,NSA,IS-CNG-TJ,CZ,2017-01,56818.000,
ESTAT:EI_ISEN_M(1.0),18/01/23 11:00:00,M,NSA,IS-CNG-TJ,CZ,2017-02,39905.000,
ESTAT:EI_ISEN_M(1.0),18/01/23 11:00:00,M,NSA,IS-CNG-TJ,CZ,2017-03,31756.000,
ESTAT:EI_ISEN_M(1.0),18/01/23 11:00:00,M,NSA,IS-CNG-TJ,CZ,2017-04,26842.000,
ESTAT:EI_ISEN_M(1.0),18/01/23 11:00:00,M,NSA,IS-CNG-TJ,CZ,2017-05,17013.000,
ESTAT:EI_ISEN_M(1.0),18/01/23 11:00:00,M,NSA,IS-CNG-TJ,CZ,2017-06,13791.000,
ESTAT:EI_ISEN_M(1.0),18/01/23 11:00:00,M,NSA,IS-CNG-TJ,CZ,2017-07,13655.000,
ESTAT:EI_ISEN_M(1.0),18/01/23 11:00:00,M,NSA,IS-CNG-TJ,CZ,2017-08,12781.000,
ESTAT:EI_ISEN_M(1.0),18/01/23 11:00:00,M,NSA,IS-CNG-TJ,CZ,2017-09,18214.000,
ESTAT:EI_ISEN_M(1.0),18/01/23 11:00:00,M,NSA,IS-CNG-TJ,CZ,2017-10,25559.000,
ESTAT:EI_ISEN_M(1.0),18/01/23 11:00:00,M,NSA,IS-CNG-TJ,CZ,2017-11,36741.000,
ESTAT:EI_ISEN_M(1.0),18/01/23 11:00:00,M,NSA,IS-CNG-TJ,CZ,2017-12,41925.000,
ESTAT:EI_ISEN_M(1.0),18/01/23 11:00:00,M,NSA,IS-CNG-TJ,CZ,2018-01,41754.000,
ESTAT:EI_ISEN_M(1.0),18/01/23 11:00:00,M,NSA,IS-CNG-TJ,CZ,2018-02,44402.000,
ESTAT:EI_ISEN_M(1.0),18/01/23 11:00:00,M,NSA,IS-CNG-TJ,CZ,2018-03,42547.000,
ESTAT:EI_ISEN_M(1.0),18/01/23 11:00:00,M,NSA,IS-CNG-TJ,CZ,2018-04,17900.000,
ESTAT:EI_ISEN_M(1.0),18/01/23 11:00:00,M,NSA,IS-CNG-TJ,CZ,2018-05,13233.000,
ESTAT:EI_ISEN_M(1.0),18/01/23 11:00:00,M,NSA,IS-CNG-TJ,CZ,2018-06,12945.000,
ESTAT:EI_ISEN_M(1.0),18/01/23 11:00:00,M,NSA,IS-CNG-TJ,CZ,2018-07,12910.000,
ESTAT:EI_ISEN_M(1.0),18/01/23 11:00:00,M,NSA,IS-CNG-TJ,CZ,2018-08,12864.000,
ESTAT:EI_ISEN_M(1.0),18/01/23 11:00:00,M,NSA,IS-CNG-TJ,CZ,2018-09,15273.000,
ESTAT:EI_ISEN_M(1.0),18/01/23 11:00:00,M,NSA,IS-CNG-TJ,CZ,2018-10,25270.000,
ESTAT:EI_ISEN_M(1.0),18/01/23 11:00:00,M,NSA,IS-CNG-TJ,CZ,2018-11,35232.000,
ESTAT:EI_ISEN_M(1.0),18/01/23 11:00:00,M,NSA,IS-CNG-TJ,CZ,2018-12,42858.000,
ESTAT:EI_ISEN_M(1.0),18/01/23 11:00:00,M,NSA,IS-CNG-TJ,CZ,2019-01,49644.000,
ESTAT:EI_ISEN_M(1.0),18/01/23 11:00:00,M,NSA,IS-CNG-TJ,CZ,2019-02,38614.000,p
ESTAT:EI_ISEN_M(1.0),18/01/23 11:00:00,M,NSA,IS-CNG-TJ,CZ,2019-03,32570.000,
ESTAT:EI_ISEN_M(1.0),18/01/23 11:00:00,M,NSA,IS-CNG-TJ,CZ,2019-04,23460.000,
ESTAT:EI_ISEN_M(1.0),18/01/23 11:00:00,M,NSA,IS-CNG-TJ,CZ,2019-05,21598.000,
ESTAT:EI_ISEN_M(1.0),18/01/23 11:00:00,M,NSA,IS-CNG-TJ,CZ,2019-06,15050.000,
ESTAT:EI_ISEN_M(1.0),18/01/23 11:00:00,M,NSA,IS-CNG-TJ,CZ,2019-07,15261.000,
ESTAT:EI_ISEN_M(1.0),18/01/23 11:00:00,M,NSA,IS-CNG-TJ,CZ,2019-08,15142.000,
ESTAT:EI_ISEN_M(1.0),18/01/23 11:00:00,M,NSA,IS-CNG-TJ,CZ,2019-09,18568.000,
ESTAT:EI_ISEN_M(1.0),18/01/23 11:00:00,M,NSA,IS-CNG-TJ,CZ,2019-10,27609.000,
ESTAT:EI_ISEN_M(1.0),18/01/23 11:00:00,M,NSA,IS-CNG-TJ,CZ,2019-11,34878.000,
ESTAT:EI_ISEN_M(1.0),18/01/23 11:00:00,M,NSA,IS-CNG-TJ,CZ,2019-12,40602.000,
ESTAT:EI_ISEN_M(1.0),18/01/23 11:00:00,M,NSA,IS-CNG-TJ,CZ,2020-01,46661.194,
ESTAT:EI_ISEN_M(1.0),18/01/23 11:00:00,M,NSA,IS-CNG-TJ,CZ,2020-02,37666.968,
ESTAT:EI_ISEN_M(1.0),18/01/23 11:00:00,M,NSA,IS-CNG-TJ,CZ,2020-03,35230.633,
ESTAT:EI_ISEN_M(1.0),18/01/23 11:00:00,M,NSA,IS-CNG-TJ,CZ,2020-04,22303.127,
ESTAT:EI_ISEN_M(1.0),18/01/23 11:00:00,M,NSA,IS-CNG-TJ,CZ,2020-05,19159.540,
ESTAT:EI_ISEN_M(1.0),18/01/23 11:00:00,M,NSA,IS-CNG-TJ,CZ,2020-06,15866.677,
ESTAT:EI_ISEN_M(1.0),18/01/23 11:00:00,M,NSA,IS-CNG-TJ,CZ,2020-07,16326.102,
ESTAT:EI_ISEN_M(1.0),18/01/23 11:00:00,M,NSA,IS-CNG-TJ,CZ,2020-08,15482.923,
ESTAT:EI_ISEN_M(1.0),18/01/23 11:00:00,M,NSA,IS-CNG-TJ,CZ,2020-09,16310.664,
ESTAT:EI_ISEN_M(1.0),18/01/23 11:00:00,M,NSA,IS-CNG-TJ,CZ,2020-10,28747.733,
ESTAT:EI_ISEN_M(1.0),18/01/23 11:00:00,M,NSA,IS-CNG-TJ,CZ,2020-11,39444.335,
ESTAT:EI_ISEN_M(1.0),18/01/23 11:00:00,M,NSA,IS-CNG-TJ,CZ,2020-12,45295.447,
ESTAT:EI_ISEN_M(1.0),18/01/23 11:00:00,M,NSA,IS-CNG-TJ,CZ,2021-01,49146.527,
ESTAT:EI_ISEN_M(1.0),18/01/23 11:00:00,M,NSA,IS-CNG-TJ,CZ,2021-02,45075.609,
ESTAT:EI_ISEN_M(1.0),18/01/23 11:00:00,M,NSA,IS-CNG-TJ,CZ,2021-03,41904.023,
ESTAT:EI_ISEN_M(1.0),18/01/23 11:00:00,M,NSA,IS-CNG-TJ,CZ,2021-04,33801.223,
ESTAT:EI_ISEN_M(1.0),18/01/23 11:00:00,M,NSA,IS-CNG-TJ,CZ,2021-05,22622.809,
ESTAT:EI_ISEN_M(1.0),18/01/23 11:00:00,M,NSA,IS-CNG-TJ,CZ,2021-06,15893.749,
ESTAT:EI_ISEN_M(1.0),18/01/23 11:00:00,M,NSA,IS-CNG-TJ,CZ,2021-07,15059.172,
ESTAT:EI_ISEN_M(1.0),18/01/23 11:00:00,M,NSA,IS-CNG-TJ,CZ,2021-08,14264.344,
ESTAT:EI_ISEN_M(1.0),18/01/23 11:00:00,M,NSA,IS-CNG-TJ,CZ,2021-09,16739.774,
ESTAT:EI_ISEN_M(1.0),18/01/23 11:00:00,M,NSA,IS-CNG-TJ,CZ,2021-10,27034.296,
ESTAT:EI_ISEN_M(1.0),18/01/23 11:00:00,M,NSA,IS-CNG-TJ,CZ,2021-11,37892.475,
ESTAT:EI_ISEN_M(1.0),18/01/23 11:00:00,M,NSA,IS-CNG-TJ,CZ,2021-12,43343.115,
ESTAT:EI_ISEN_M(1.0),18/01/23 11:00:00,M,NSA,IS-CNG-TJ,CZ,2022-01,43127.833,
ESTAT:EI_ISEN_M(1.0),18/01/23 11:00:00,M,NSA,IS-CNG-TJ,CZ,2022-02,34254.179,
ESTAT:EI_ISEN_M(1.0),18/01/23 11:00:00,M,NSA,IS-CNG-TJ,CZ,2022-03,34813.116,
ESTAT:EI_ISEN_M(1.0),18/01/23 11:00:00,M,NSA,IS-CNG-TJ,CZ,2022-04,26575.006,
ESTAT:EI_ISEN_M(1.0),18/01/23 11:00:00,M,NSA,IS-CNG-TJ,CZ,2022-05,15138.554,
ESTAT:EI_ISEN_M(1.0),18/01/23 11:00:00,M,NSA,IS-CNG-TJ,CZ,2022-06,13159.737,
ESTAT:EI_ISEN_M(1.0),18/01/23 11:00:00,M,NSA,IS-CNG-TJ,CZ,2022-07,11986.972,
ESTAT:EI_ISEN_M(1.0),18/01/23 11:00:00,M,NSA,IS-CNG-TJ,CZ,2022-08,11984.760,
ESTAT:EI_ISEN_M(1.0),18/01/23 11:00:00,M,NSA,IS-CNG-TJ,CZ,2022-09,15476.146,
ESTAT:EI_ISEN_M(1.0),18/01/23 11:00:00,M,NSA,IS-CNG-TJ,CZ,2022-10,20707.109,
ESTAT:EI_ISEN_M(1.0),18/01/23 11:00:00,M,NSA,IS-CNG-TJ,CZ,2022-11,29921.442,
ESTAT:EI_ISEN_M(1.0),18/01/23 11:00:00,M,NSA,IS-ICO-T,CZ,2008-01,573.000,
ESTAT:EI_ISEN_M(1.0),18/01/23 11:00:00,M,NSA,IS-ICO-T,CZ,2008-02,627.000,
ESTAT:EI_ISEN_M(1.0),18/01/23 11:00:00,M,NSA,IS-ICO-T,CZ,2008-03,571.000,
ESTAT:EI_ISEN_M(1.0),18/01/23 11:00:00,M,NSA,IS-ICO-T,CZ,2008-04,723.000,
ESTAT:EI_ISEN_M(1.0),18/01/23 11:00:00,M,NSA,IS-ICO-T,CZ,2008-05,685.000,
ESTAT:EI_ISEN_M(1.0),18/01/23 11:00:00,M,NSA,IS-ICO-T,CZ,2008-06,667.000,
ESTAT:EI_ISEN_M(1.0),18/01/23 11:00:00,M,NSA,IS-ICO-T,CZ,2008-07,566.000,
ESTAT:EI_ISEN_M(1.0),18/01/23 11:00:00,M,NSA,IS-ICO-T,CZ,2008-08,687.000,
ESTAT:EI_ISEN_M(1.0),18/01/23 11:00:00,M,NSA,IS-ICO-T,CZ,2008-09,834.000,
ESTAT:EI_ISEN_M(1.0),18/01/23 11:00:00,M,NSA,IS-ICO-T,CZ,2008-10,697.000,
ESTAT:EI_ISEN_M(1.0),18/01/23 11:00:00,M,NSA,IS-ICO-T,CZ,2008-11,753.000,
ESTAT:EI_ISEN_M(1.0),18/01/23 11:00:00,M,NSA,IS-ICO-T,CZ,2008-12,726.000,
ESTAT:EI_ISEN_M(1.0),18/01/23 11:00:00,M,NSA,IS-ICO-T,CZ,2009-01,574.000,
ESTAT:EI_ISEN_M(1.0),18/01/23 11:00:00,M,NSA,IS-ICO-T,CZ,2009-02,595.000,
ESTAT:EI_ISEN_M(1.0),18/01/23 11:00:00,M,NSA,IS-ICO-T,CZ,2009-03,656.000,
ESTAT:EI_ISEN_M(1.0),18/01/23 11:00:00,M,NSA,IS-ICO-T,CZ,2009-04,531.000,
ESTAT:EI_ISEN_M(1.0),18/01/23 11:00:00,M,NSA,IS-ICO-T,CZ,2009-05,517.000,
ESTAT:EI_ISEN_M(1.0),18/01/23 11:00:00,M,NSA,IS-ICO-T,CZ,2009-06,548.000,
ESTAT:EI_ISEN_M(1.0),18/01/23 11:00:00,M,NSA,IS-ICO-T,CZ,2009-07,666.000,
ESTAT:EI_ISEN_M(1.0),18/01/23 11:00:00,M,NSA,IS-ICO-T,CZ,2009-08,713.000,
ESTAT:EI_ISEN_M(1.0),18/01/23 11:00:00,M,NSA,IS-ICO-T,CZ,2009-09,640.000,
ESTAT:EI_ISEN_M(1.0),18/01/23 11:00:00,M,NSA,IS-ICO-T,CZ,2009-10,553.000,
ESTAT:EI_ISEN_M(1.0),18/01/23 11:00:00,M,NSA,IS-ICO-T,CZ,2009-11,631.000,
ESTAT:EI_ISEN_M(1.0),18/01/23 11:00:00,M,NSA,IS-ICO-T,CZ,2009-12,563.000,
ESTAT:EI_ISEN_M(1.0),18/01/23 11:00:00,M,NSA,IS-ICO-T,CZ,2010-01,583.000,
ESTAT:EI_ISEN_M(1.0),18/01/23 11:00:00,M,NSA,IS-ICO-T,CZ,2010-02,547.000,
ESTAT:EI_ISEN_M(1.0),18/01/23 11:00:00,M,NSA,IS-ICO-T,CZ,2010-03,585.000,
ESTAT:EI_ISEN_M(1.0),18/01/23 11:00:00,M,NSA,IS-ICO-T,CZ,2010-04,661.000,
ESTAT:EI_ISEN_M(1.0),18/01/23 11:00:00,M,NSA,IS-ICO-T,CZ,2010-05,686.000,
ESTAT:EI_ISEN_M(1.0),18/01/23 11:00:00,M,NSA,IS-ICO-T,CZ,2010-06,623.000,
ESTAT:EI_ISEN_M(1.0),18/01/23 11:00:00,M,NSA,IS-ICO-T,CZ,2010-07,751.000,
ESTAT:EI_ISEN_M(1.0),18/01/23 11:00:00,M,NSA,IS-ICO-T,CZ,2010-08,708.000,
ESTAT:EI_ISEN_M(1.0),18/01/23 11:00:00,M,NSA,IS-ICO-T,CZ,2010-09,662.000,
ESTAT:EI_ISEN_M(1.0),18/01/23 11:00:00,M,NSA,IS-ICO-T,CZ,2010-10,634.000,
ESTAT:EI_ISEN_M(1.0),18/01/23 11:00:00,M,NSA,IS-ICO-T,CZ,2010-11,665.000,
ESTAT:EI_ISEN_M(1.0),18/01/23 11:00:00,M,NSA,IS-ICO-T,CZ,2010-12,622.000,
ESTAT:EI_ISEN_M(1.0),18/01/23 11:00:00,M,NSA,IS-ICO-T,CZ,2011-01,563.000,
ESTAT:EI_ISEN_M(1.0),18/01/23 11:00:00,M,NSA,IS-ICO-T,CZ,2011-02,566.000,
ESTAT:EI_ISEN_M(1.0),18/01/23 11:00:00,M,NSA,IS-ICO-T,CZ,2011-03,510.000,
ESTAT:EI_ISEN_M(1.0),18/01/23 11:00:00,M,NSA,IS-ICO-T,CZ,2011-04,558.000,
ESTAT:EI_ISEN_M(1.0),18/01/23 11:00:00,M,NSA,IS-ICO-T,CZ,2011-05,614.000,
ESTAT:EI_ISEN_M(1.0),18/01/23 11:00:00,M,NSA,IS-ICO-T,CZ,2011-06,696.000,
ESTAT:EI_ISEN_M(1.0),18/01/23 11:00:00,M,NSA,IS-ICO-T,CZ,2011-07,704.000,
ESTAT:EI_ISEN_M(1.0),18/01/23 11:00:00,M,NSA,IS-ICO-T,CZ,2011-08,684.000,
ESTAT:EI_ISEN_M(1.0),18/01/23 11:00:00,M,NSA,IS-ICO-T,CZ,2011-09,239.000,
ESTAT:EI_ISEN_M(1.0),18/01/23 11:00:00,M,NSA,IS-ICO-T,CZ,2011-10,579.000,
ESTAT:EI_ISEN_M(1.0),18/01/23 11:00:00,M,NSA,IS-ICO-T,CZ,2011-11,617.000,
ESTAT:EI_ISEN_M(1.0),18/01/23 11:00:00,M,NSA,IS-ICO-T,CZ,2011-12,595.000,
ESTAT:EI_ISEN_M(1.0),18/01/23 11:00:00,M,NSA,IS-ICO-T,CZ,2012-01,546.000,
ESTAT:EI_ISEN_M(1.0),18/01/23 11:00:00,M,NSA,IS-ICO-T,CZ,2012-02,550.000,
ESTAT:EI_ISEN_M(1.0),18/01/23 11:00:00,M,NSA,IS-ICO-T,CZ,2012-03,559.000,
ESTAT:EI_ISEN_M(1.0),18/01/23 11:00:00,M,NSA,IS-ICO-T,CZ,2012-04,482.000,
ESTAT:EI_ISEN_M(1.0),18/01/23 11:00:00,M,NSA,IS-ICO-T,CZ,2012-05,542.000,
ESTAT:EI_ISEN_M(1.0),18/01/23 11:00:00,M,NSA,IS-ICO-T,CZ,2012-06,658.000,
ESTAT:EI_ISEN_M(1.0),18/01/23 11:00:00,M,NSA,IS-ICO-T,CZ,2012-07,692.000,
ESTAT:EI_ISEN_M(1.0),18/01/23 11:00:00,M,NSA,IS-ICO-T,CZ,2012-08,640.000,
ESTAT:EI_ISEN_M(1.0),18/01/23 11:00:00,M,NSA,IS-ICO-T,CZ,2012-09,574.000,
ESTAT:EI_ISEN_M(1.0),18/01/23 11:00:00,M,NSA,IS-ICO-T,CZ,2012-10,576.000,
ESTAT:EI_ISEN_M(1.0),18/01/23 11:00:00,M,NSA,IS-ICO-T,CZ,2012-11,608.000,
ESTAT:EI_ISEN_M(1.0),18/01/23 11:00:00,M,NSA,IS-ICO-T,CZ,2012-12,647.000,
ESTAT:EI_ISEN_M(1.0),18/01/23 11:00:00,M,NSA,IS-ICO-T,CZ,2013-01,555.000,
ESTAT:EI_ISEN_M(1.0),18/01/23 11:00:00,M,NSA,IS-ICO-T,CZ,2013-02,529.000,
ESTAT:EI_ISEN_M(1.0),18/01/23 11:00:00,M,NSA,IS-ICO-T,CZ,2013-03,534.000,
ESTAT:EI_ISEN_M(1.0),18/01/23 11:00:00,M,NSA,IS-ICO-T,CZ,2013-04,570.000,
ESTAT:EI_ISEN_M(1.0),18/01/23 11:00:00,M,NSA,IS-ICO-T,CZ,2013-05,605.000,
ESTAT:EI_ISEN_M(1.0),18/01/23 11:00:00,M,NSA,IS-ICO-T,CZ,2013-06,447.000,
ESTAT:EI_ISEN_M(1.0),18/01/23 11:00:00,M,NSA,IS-ICO-T,CZ,2013-07,630.000,
ESTAT:EI_ISEN_M(1.0),18/01/23 11:00:00,M,NSA,IS-ICO-T,CZ,2013-08,643.000,
ESTAT:EI_ISEN_M(1.0),18/01/23 11:00:00,M,NSA,IS-ICO-T,CZ,2013-09,469.000,
ESTAT:EI_ISEN_M(1.0),18/01/23 11:00:00,M,NSA,IS-ICO-T,CZ,2013-10,449.000,
ESTAT:EI_ISEN_M(1.0),18/01/23 11:00:00,M,NSA,IS-ICO-T,CZ,2013-11,553.000,
ESTAT:EI_ISEN_M(1.0),18/01/23 11:00:00,M,NSA,IS-ICO-T,CZ,2013-12,568.000,
ESTAT:EI_ISEN_M(1.0),18/01/23 11:00:00,M,NSA,IS-ICO-T,CZ,2014-01,540.000,
ESTAT:EI_ISEN_M(1.0),18/01/23 11:00:00,M,NSA,IS-ICO-T,CZ,2014-02,500.000,
ESTAT:EI_ISEN_M(1.0),18/01/23 11:00:00,M,NSA,IS-ICO-T,CZ,2014-03,610.000,
ESTAT:EI_ISEN_M(1.0),18/01/23 11:00:00,M,NSA,IS-ICO-T,CZ,2014-04,573.000,
ESTAT:EI_ISEN_M(1.0),18/01/23 11:00:00,M,NSA,IS-ICO-T,CZ,2014-05,677.000,
ESTAT:EI_ISEN_M(1.0),18/01/23 11:00:00,M,NSA,IS-ICO-T,CZ,2014-06,667.000,
ESTAT:EI_ISEN_M(1.0),18/01/23 11:00:00,M,NSA,IS-ICO-T,CZ,2014-07,673.000,
ESTAT:EI_ISEN_M(1.0),18/01/23 11:00:00,M,NSA,IS-ICO-T,CZ,2014-08,661.000,
ESTAT:EI_ISEN_M(1.0),18/01/23 11:00:00,M,NSA,IS-ICO-T,CZ,2014-09,682.000,
ESTAT:EI_ISEN_M(1.0),18/01/23 11:00:00,M,NSA,IS-ICO-T,CZ,2014-10,584.000,
ESTAT:EI_ISEN_M(1.0),18/01/23 11:00:00,M,NSA,IS-ICO-T,CZ,2014-11,577.000,
ESTAT:EI_ISEN_M(1.0),18/01/23 11:00:00,M,NSA,IS-ICO-T,CZ,2014-12,627.000,
ESTAT:EI_ISEN_M(1.0),18/01/23 11:00:00,M,NSA,IS-ICO-T,CZ,2015-01,549.000,
ESTAT:EI_ISEN_M(1.0),18/01/23 11:00:00,M,NSA,IS-ICO-T,CZ,2015-02,585.000,
ESTAT:EI_ISEN_M(1.0),18/01/23 11:00:00,M,NSA,IS-ICO-T,CZ,2015-03,619.000,
ESTAT:EI_ISEN_M(1.0),18/01/23 11:00:00,M,NSA,IS-ICO-T,CZ,2015-04,593.000,
ESTAT:EI_ISEN_M(1.0),18/01/23 11:00:00,M,NSA,IS-ICO-T,CZ,2015-05,728.000,
ESTAT:EI_ISEN_M(1.0),18/01/23 11:00:00,M,NSA,IS-ICO-T,CZ,2015-06,658.000,
ESTAT:EI_ISEN_M(1.0),18/01/23 11:00:00,M,NSA,IS-ICO-T,CZ,2015-07,714.000,
ESTAT:EI_ISEN_M(1.0),18/01/23 11:00:00,M,NSA,IS-ICO-T,CZ,2015-08,605.000,
ESTAT:EI_ISEN_M(1.0),18/01/23 11:00:00,M,NSA,IS-ICO-T,CZ,2015-09,582.000,
ESTAT:EI_ISEN_M(1.0),18/01/23 11:00:00,M,NSA,IS-ICO-T,CZ,2015-10,519.000,
ESTAT:EI_ISEN_M(1.0),18/01/23 11:00:00,M,NSA,IS-ICO-T,CZ,2015-11,472.000,
ESTAT:EI_ISEN_M(1.0),18/01/23 11:00:00,M,NSA,IS-ICO-T,CZ,2015-12,508.000,
ESTAT:EI_ISEN_M(1.0),18/01/23 11:00:00,M,NSA,IS-ICO-T,CZ,2016-01,488.000,
ESTAT:EI_ISEN_M(1.0),18/01/23 11:00:00,M,NSA,IS-ICO-T,CZ,2016-02,488.000,
ESTAT:EI_ISEN_M(1.0),18/01/23 11:00:00,M,NSA,IS-ICO-T,CZ,2016-03,453.000,
ESTAT:EI_ISEN_M(1.0),18/01/23 11:00:00,M,NSA,IS-ICO-T,CZ,2016-04,298.000,
ESTAT:EI_ISEN_M(1.0),18/01/23 11:00:00,M,NSA,IS-ICO-T,CZ,2016-05,375.000,
ESTAT:EI_ISEN_M(1.0),18/01/23 11:00:00,M,NSA,IS-ICO-T,CZ,2016-06,423.000,
ESTAT:EI_ISEN_M(1.0),18/01/23 11:00:00,M,NSA,IS-ICO-T,CZ,2016-07,355.000,
ESTAT:EI_ISEN_M(1.0),18/01/23 11:00:00,M,NSA,IS-ICO-T,CZ,2016-08,303.000,
ESTAT:EI_ISEN_M(1.0),18/01/23 11:00:00,M,NSA,IS-ICO-T,CZ,2016-09,389.000,
ESTAT:EI_ISEN_M(1.0),18/01/23 11:00:00,M,NSA,IS-ICO-T,CZ,2016-10,487.000,
ESTAT:EI_ISEN_M(1.0),18/01/23 11:00:00,M,NSA,IS-ICO-T,CZ,2016-11,614.000,
ESTAT:EI_ISEN_M(1.0),18/01/23 11:00:00,M,NSA,IS-ICO-T,CZ,2016-12,652.000,
ESTAT:EI_ISEN_M(1.0),18/01/23 11:00:00,M,NSA,IS-ICO-T,CZ,2017-01,622.000,
ESTAT:EI_ISEN_M(1.0),18/01/23 11:00:00,M,NSA,IS-ICO-T,CZ,2017-02,583.000,
ESTAT:EI_ISEN_M(1.0),18/01/23 11:00:00,M,NSA,IS-ICO-T,CZ,2017-03,720.000,
ESTAT:EI_ISEN_M(1.0),18/01/23 11:00:00,M,NSA,IS-ICO-T,CZ,2017-04,637.000,
ESTAT:EI_ISEN_M(1.0),18/01/23 11:00:00,M,NSA,IS-ICO-T,CZ,2017-05,681.000,
ESTAT:EI_ISEN_M(1.0),18/01/23 11:00:00,M,NSA,IS-ICO-T,CZ,2017-06,702.000,
ESTAT:EI_ISEN_M(1.0),18/01/23 11:00:00,M,NSA,IS-ICO-T,CZ,2017-07,697.000,
ESTAT:EI_ISEN_M(1.0),18/01/23 11:00:00,M,NSA,IS-ICO-T,CZ,2017-08,692.000,
ESTAT:EI_ISEN_M(1.0),18/01/23 11:00:00,M,NSA,IS-ICO-T,CZ,2017-09,704.000,
ESTAT:EI_ISEN_M(1.0),18/01/23 11:00:00,M,NSA,IS-ICO-T,CZ,2017-10,687.000,
ESTAT:EI_ISEN_M(1.0),18/01/23 11:00:00,M,NSA,IS-ICO-T,CZ,2017-11,516.000,
ESTAT:EI_ISEN_M(1.0),18/01/23 11:00:00,M,NSA,IS-ICO-T,CZ,2017-12,573.000,
ESTAT:EI_ISEN_M(1.0),18/01/23 11:00:00,M,NSA,IS-ICO-T,CZ,2018-01,588.000,
ESTAT:EI_ISEN_M(1.0),18/01/23 11:00:00,M,NSA,IS-ICO-T,CZ,2018-02,633.000,
ESTAT:EI_ISEN_M(1.0),18/01/23 11:00:00,M,NSA,IS-ICO-T,CZ,2018-03,609.000,
ESTAT:EI_ISEN_M(1.0),18/01/23 11:00:00,M,NSA,IS-ICO-T,CZ,2018-04,343.000,
ESTAT:EI_ISEN_M(1.0),18/01/23 11:00:00,M,NSA,IS-ICO-T,CZ,2018-05,561.000,
ESTAT:EI_ISEN_M(1.0),18/01/23 11:00:00,M,NSA,IS-ICO-T,CZ,2018-06,636.000,
ESTAT:EI_ISEN_M(1.0),18/01/23 11:00:00,M,NSA,IS-ICO-T,CZ,2018-07,733.000,
ESTAT:EI_ISEN_M(1.0),18/01/23 11:00:00,M,NSA,IS-ICO-T,CZ,2018-08,663.000,
ESTAT:EI_ISEN_M(1.0),18/01/23 11:00:00,M,NSA,IS-ICO-T,CZ,2018-09,614.000,
ESTAT:EI_ISEN_M(1.0),18/01/23 11:00:00,M,NSA,IS-ICO-T,CZ,2018-10,685.000,
ESTAT:EI_ISEN_M(1.0),18/01/23 11:00:00,M,NSA,IS-ICO-T,CZ,2018-11,671.000,
ESTAT:EI_ISEN_M(1.0),18/01/23 11:00:00,M,NSA,IS-ICO-T,CZ,2018-12,703.000,
ESTAT:EI_ISEN_M(1.0),18/01/23 11:00:00,M,NSA,IS-ICO-T,CZ,2019-01,549.000,
ESTAT:EI_ISEN_M(1.0),18/01/23 11:00:00,M,NSA,IS-ICO-T,CZ,2019-02,630.000,
ESTAT:EI_ISEN_M(1.0),18/01/23 11:00:00,M,NSA,IS-ICO-T,CZ,2019-03,607.000,
ESTAT:EI_ISEN_M(1.0),18/01/23 11:00:00,M,NSA,IS-ICO-T,CZ,2019-04,559.000,
ESTAT:EI_ISEN_M(1.0),18/01/23 11:00:00,M,NSA,IS-ICO-T,CZ,2019-05,399.000,
ESTAT:EI_ISEN_M(1.0),18/01/23 11:00:00,M,NSA,IS-ICO-T,CZ,2019-06,691.000,p
ESTAT:EI_ISEN_M(1.0),18/01/23 11:00:00,M,NSA,IS-ICO-T,CZ,2019-07,743.000,
ESTAT:EI_ISEN_M(1.0),18/01/23 11:00:00,M,NSA,IS-ICO-T,CZ,2019-08,736.000,
ESTAT:EI_ISEN_M(1.0),18/01/23 11:00:00,M,NSA,IS-ICO-T,CZ,2019-09,795.000,
ESTAT:EI_ISEN_M(1.0),18/01/23 11:00:00,M,NSA,IS-ICO-T,CZ,2019-10,744.000,
ESTAT:EI_ISEN_M(1.0),18/01/23 11:00:00,M,NSA,IS-ICO-T,CZ,2019-11,676.000,
ESTAT:EI_ISEN_M(1.0),18/01/23 11:00:00,M,NSA,IS-ICO-T,CZ,2019-12,609.000,
ESTAT:EI_ISEN_M(1.0),18/01/23 11:00:00,M,NSA,IS-ICO-T,CZ,2020-01,641.000,
ESTAT:EI_ISEN_M(1.0),18/01/23 11:00:00,M,NSA,IS-ICO-T,CZ,2020-02,518.000,
ESTAT:EI_ISEN_M(1.0),18/01/23 11:00:00,M,NSA,IS-ICO-T,CZ,2020-03,549.000,
ESTAT:EI_ISEN_M(1.0),18/01/23 11:00:00,M,NSA,IS-ICO-T,CZ,2020-04,284.000,
ESTAT:EI_ISEN_M(1.0),18/01/23 11:00:00,M,NSA,IS-ICO-T,CZ,2020-05,218.000,
ESTAT:EI_ISEN_M(1.0),18/01/23 11:00:00,M,NSA,IS-ICO-T,CZ,2020-06,309.000,
ESTAT:EI_ISEN_M(1.0),18/01/23 11:00:00,M,NSA,IS-ICO-T,CZ,2020-07,653.000,
ESTAT:EI_ISEN_M(1.0),18/01/23 11:00:00,M,NSA,IS-ICO-T,CZ,2020-08,523.000,
ESTAT:EI_ISEN_M(1.0),18/01/23 11:00:00,M,NSA,IS-ICO-T,CZ,2020-09,638.000,
ESTAT:EI_ISEN_M(1.0),18/01/23 11:00:00,M,NSA,IS-ICO-T,CZ,2020-10,666.000,
ESTAT:EI_ISEN_M(1.0),18/01/23 11:00:00,M,NSA,IS-ICO-T,CZ,2020-11,636.000,
ESTAT:EI_ISEN_M(1.0),18/01/23 11:00:00,M,NSA,IS-ICO-T,CZ,2020-12,539.000,
ESTAT:EI_ISEN_M(1.0),18/01/23 11:00:00,M,NSA,IS-ICO-T,CZ,2021-01,474.000,
ESTAT:EI_ISEN_M(1.0),18/01/23 11:00:00,M,NSA,IS-ICO-T,CZ,2021-02,454.000,
ESTAT:EI_ISEN_M(1.0),18/01/23 11:00:00,M,NSA,IS-ICO-T,CZ,2021-03,508.000,
ESTAT:EI_ISEN_M(1.0),18/01/23 11:00:00,M,NSA,IS-ICO-T,CZ,2021-04,543.000,
ESTAT:EI_ISEN_M(1.0),18/01/23 11:00:00,M,NSA,IS-ICO-T,CZ,2021-05,536.000,
ESTAT:EI_ISEN_M(1.0),18/01/23 11:00:00,M,NSA,IS-ICO-T,CZ,2021-06,529.000,
ESTAT:EI_ISEN_M(1.0),18/01/23 11:00:00,M,NSA,IS-ICO-T,CZ,2021-07,644.000,
ESTAT:EI_ISEN_M(1.0),18/01/23 11:00:00,M,NSA,IS-ICO-T,CZ,2021-08,649.000,
ESTAT:EI_ISEN_M(1.0),18/01/23 11:00:00,M,NSA,IS-ICO-T,CZ,2021-09,590.000,
ESTAT:EI_ISEN_M(1.0),18/01/23 11:00:00,M,NSA,IS-ICO-T,CZ,2021-10,731.000,
ESTAT:EI_ISEN_M(1.0),18/01/23 11:00:00,M,NSA,IS-ICO-T,CZ,2021-11,562.000,
ESTAT:EI_ISEN_M(1.0),18/01/23 11:00:00,M,NSA,IS-ICO-T,CZ,2021-12,621.000,
ESTAT:EI_ISEN_M(1.0),18/01/23 11:00:00,M,NSA,IS-ICO-T,CZ,2022-01,636.000,
ESTAT:EI_ISEN_M(1.0),18/01/23 11:00:00,M,NSA,IS-ICO-T,CZ,2022-02,556.000,
ESTAT:EI_ISEN_M(1.0),18/01/23 11:00:00,M,NSA,IS-ICO-T,CZ,2022-03,457.000,
ESTAT:EI_ISEN_M(1.0),18/01/23 11:00:00,M,NSA,IS-ICO-T,CZ,2022-04,492.000,
ESTAT:EI_ISEN_M(1.0),18/01/23 11:00:00,M,NSA,IS-ICO-T,CZ,2022-05,655.000,
ESTAT:EI_ISEN_M(1.0),18/01/23 11:00:00,M,NSA,IS-ICO-T,CZ,2022-06,616.000,
ESTAT:EI_ISEN_M(1.0),18/01/23 11:00:00,M,NSA,IS-ICO-T,CZ,2022-07,679.000,
ESTAT:EI_ISEN_M(1.0),18/01/23 11:00:00,M,NSA,IS-ICO-T,CZ,2022-08,643.000,
ESTAT:EI_ISEN_M(1.0),18/01/23 11:00:00,M,NSA,IS-ICO-T,CZ,2022-09,681.000,
ESTAT:EI_ISEN_M(1.0),18/01/23 11:00:00,M,NSA,IS-ICO-T,CZ,2022-10,659.000,
ESTAT:EI_ISEN_M(1.0),18/01/23 11:00:00,M,NSA,IS-IEL-GWH,CZ,2008-01,1064.000,
ESTAT:EI_ISEN_M(1.0),18/01/23 11:00:00,M,NSA,IS-IEL-GWH,CZ,2008-02,865.000,
ESTAT:EI_ISEN_M(1.0),18/01/23 11:00:00,M,NSA,IS-IEL-GWH,CZ,2008-03,708.000,
ESTAT:EI_ISEN_M(1.0),18/01/23 11:00:00,M,NSA,IS-IEL-GWH,CZ,2008-04,569.000,
ESTAT:EI_ISEN_M(1.0),18/01/23 11:00:00,M,NSA,IS-IEL-GWH,CZ,2008-05,507.000,
ESTAT:EI_ISEN_M(1.0),18/01/23 11:00:00,M,NSA,IS-IEL-GWH,CZ,2008-06,545.000,
ESTAT:EI_ISEN_M(1.0),18/01/23 11:00:00,M,NSA,IS-IEL-GWH,CZ,2008-07,751.000,
ESTAT:EI_ISEN_M(1.0),18/01/23 11:00:00,M,NSA,IS-IEL-GWH,CZ,2008-08,592.000,
ESTAT:EI_ISEN_M(1.0),18/01/23 11:00:00,M,NSA,IS-IEL-GWH,CZ,2008-09,483.000,
ESTAT:EI_ISEN_M(1.0),18/01/23 11:00:00,M,NSA,IS-IEL-GWH,CZ,2008-10,772.000,
ESTAT:EI_ISEN_M(1.0),18/01/23 11:00:00,M,NSA,IS-IEL-GWH,CZ,2008-11,895.000,
ESTAT:EI_ISEN_M(1.0),18/01/23 11:00:00,M,NSA,IS-IEL-GWH,CZ,2008-12,770.000,
ESTAT:EI_ISEN_M(1.0),18/01/23 11:00:00,M,NSA,IS-IEL-GWH,CZ,2009-01,1074.000,
ESTAT:EI_ISEN_M(1.0),18/01/23 11:00:00,M,NSA,IS-IEL-GWH,CZ,2009-02,748.000,
ESTAT:EI_ISEN_M(1.0),18/01/23 11:00:00,M,NSA,IS-IEL-GWH,CZ,2009-03,682.000,
ESTAT:EI_ISEN_M(1.0),18/01/23 11:00:00,M,NSA,IS-IEL-GWH,CZ,2009-04,424.000,
ESTAT:EI_ISEN_M(1.0),18/01/23 11:00:00,M,NSA,IS-IEL-GWH,CZ,2009-05,492.000,
ESTAT:EI_ISEN_M(1.0),18/01/23 11:00:00,M,NSA,IS-IEL-GWH,CZ,2009-06,491.000,
ESTAT:EI_ISEN_M(1.0),18/01/23 11:00:00,M,NSA,IS-IEL-GWH,CZ,2009-07,599.000,
ESTAT:EI_ISEN_M(1.0),18/01/23 11:00:00,M,NSA,IS-IEL-GWH,CZ,2009-08,590.000,
ESTAT:EI_ISEN_M(1.0),18/01/23 11:00:00,M,NSA,IS-IEL-GWH,CZ,2009-09,817.000,
ESTAT:EI_ISEN_M(1.0),18/01/23 11:00:00,M,NSA,IS-IEL-GWH,CZ,2009-10,845.000,
ESTAT:EI_ISEN_M(1.0),18/01/23 11:00:00,M,NSA,IS-IEL-GWH,CZ,2009-11,1050.000,
ESTAT:EI_ISEN_M(1.0),18/01/23 11:00:00,M,NSA,IS-IEL-GWH,CZ,2009-12,773.000,
ESTAT:EI_ISEN_M(1.0),18/01/23 11:00:00,M,NSA,IS-IEL-GWH,CZ,2010-01,630.000,
ESTAT:EI_ISEN_M(1.0),18/01/23 11:00:00,M,NSA,IS-IEL-GWH,CZ,2010-02,718.000,
ESTAT:EI_ISEN_M(1.0),18/01/23 11:00:00,M,NSA,IS-IEL-GWH,CZ,2010-03,581.000,
ESTAT:EI_ISEN_M(1.0),18/01/23 11:00:00,M,NSA,IS-IEL-GWH,CZ,2010-04,520.000,
ESTAT:EI_ISEN_M(1.0),18/01/23 11:00:00,M,NSA,IS-IEL-GWH,CZ,2010-05,520.000,
ESTAT:EI_ISEN_M(1.0),18/01/23 11:00:00,M,NSA,IS-IEL-GWH,CZ,2010-06,407.000,
ESTAT:EI_ISEN_M(1.0),18/01/23 11:00:00,M,NSA,IS-IEL-GWH,CZ,2010-07,534.000,
ESTAT:EI_ISEN_M(1.0),18/01/23 11:00:00,M,NSA,IS-IEL-GWH,CZ,2010-08,482.000,
ESTAT:EI_ISEN_M(1.0),18/01/23 11:00:00,M,NSA,IS-IEL-GWH,CZ,2010-09,513.000,
ESTAT:EI_ISEN_M(1.0),18/01/23 11:00:00,M,NSA,IS-IEL-GWH,CZ,2010-10,744.000,
ESTAT:EI_ISEN_M(1.0),18/01/23 11:00:00,M,NSA,IS-IEL-GWH,CZ,2010-11,683.000,
ESTAT:EI_ISEN_M(1.0),18/01/23 11:00:00,M,NSA,IS-IEL-GWH,CZ,2010-12,631.000,
ESTAT:EI_ISEN_M(1.0),18/01/23 11:00:00,M,NSA,IS-IEL-GWH,CZ,2011-01,535.000,
ESTAT:EI_ISEN_M(1.0),18/01/23 11:00:00,M,NSA,IS-IEL-GWH,CZ,2011-02,718.000,
ESTAT:EI_ISEN_M(1.0),18/01/23 11:00:00,M,NSA,IS-IEL-GWH,CZ,2011-03,813.000,
ESTAT:EI_ISEN_M(1.0),18/01/23 11:00:00,M,NSA,IS-IEL-GWH,CZ,2011-04,698.000,
ESTAT:EI_ISEN_M(1.0),18/01/23 11:00:00,M,NSA,IS-IEL-GWH,CZ,2011-05,591.000,
ESTAT:EI_ISEN_M(1.0),18/01/23 11:00:00,M,NSA,IS-IEL-GWH,CZ,2011-06,532.000,
ESTAT:EI_ISEN_M(1.0),18/01/23 11:00:00,M,NSA,IS-IEL-GWH,CZ,2011-07,1106.000,
ESTAT:EI_ISEN_M(1.0),18/01/23 11:00:00,M,NSA,IS-IEL-GWH,CZ,2011-08,922.000,
ESTAT:EI_ISEN_M(1.0),18/01/23 11:00:00,M,NSA,IS-IEL-GWH,CZ,2011-09,805.000,
ESTAT:EI_ISEN_M(1.0),18/01/23 11:00:00,M,NSA,IS-IEL-GWH,CZ,2011-10,941.000,
ESTAT:EI_ISEN_M(1.0),18/01/23 11:00:00,M,NSA,IS-IEL-GWH,CZ,2011-11,1214.000,
ESTAT:EI_ISEN_M(1.0),18/01/23 11:00:00,M,NSA,IS-IEL-GWH,CZ,2011-12,1584.000,
ESTAT:EI_ISEN_M(1.0),18/01/23 11:00:00,M,NSA,IS-IEL-GWH,CZ,2012-01,1281.000,
ESTAT:EI_ISEN_M(1.0),18/01/23 11:00:00,M,NSA,IS-IEL-GWH,CZ,2012-02,1524.000,
ESTAT:EI_ISEN_M(1.0),18/01/23 11:00:00,M,NSA,IS-IEL-GWH,CZ,2012-03,840.000,
ESTAT:EI_ISEN_M(1.0),18/01/23 11:00:00,M,NSA,IS-IEL-GWH,CZ,2012-04,675.000,
ESTAT:EI_ISEN_M(1.0),18/01/23 11:00:00,M,NSA,IS-IEL-GWH,CZ,2012-05,604.000,
ESTAT:EI_ISEN_M(1.0),18/01/23 11:00:00,M,NSA,IS-IEL-GWH,CZ,2012-06,702.000,
ESTAT:EI_ISEN_M(1.0),18/01/23 11:00:00,M,NSA,IS-IEL-GWH,CZ,2012-07,898.000,
ESTAT:EI_ISEN_M(1.0),18/01/23 11:00:00,M,NSA,IS-IEL-GWH,CZ,2012-08,1149.000,
ESTAT:EI_ISEN_M(1.0),18/01/23 11:00:00,M,NSA,IS-IEL-GWH,CZ,2012-09,727.000,
ESTAT:EI_ISEN_M(1.0),18/01/23 11:00:00,M,NSA,IS-IEL-GWH,CZ,2012-10,1090.000,
ESTAT:EI_ISEN_M(1.0),18/01/23 11:00:00,M,NSA,IS-IEL-GWH,CZ,2012-11,1090.000,
ESTAT:EI_ISEN_M(1.0),18/01/23 11:00:00,M,NSA,IS-IEL-GWH,CZ,2012-12,1009.000,
ESTAT:EI_ISEN_M(1.0),18/01/23 11:00:00,M,NSA,IS-IEL-GWH,CZ,2013-01,1073.000,
ESTAT:EI_ISEN_M(1.0),18/01/23 11:00:00,M,NSA,IS-IEL-GWH,CZ,2013-02,960.000,
ESTAT:EI_ISEN_M(1.0),18/01/23 11:00:00,M,NSA,IS-IEL-GWH,CZ,2013-03,880.000,
ESTAT:EI_ISEN_M(1.0),18/01/23 11:00:00,M,NSA,IS-IEL-GWH,CZ,2013-04,595.000,
ESTAT:EI_ISEN_M(1.0),18/01/23 11:00:00,M,NSA,IS-IEL-GWH,CZ,2013-05,394.000,
ESTAT:EI_ISEN_M(1.0),18/01/23 11:00:00,M,NSA,IS-IEL-GWH,CZ,2013-06,548.000,
ESTAT:EI_ISEN_M(1.0),18/01/23 11:00:00,M,NSA,IS-IEL-GWH,CZ,2013-07,828.000,
ESTAT:EI_ISEN_M(1.0),18/01/23 11:00:00,M,NSA,IS-IEL-GWH,CZ,2013-08,810.000,
ESTAT:EI_ISEN_M(1.0),18/01/23 11:00:00,M,NSA,IS-IEL-GWH,CZ,2013-09,936.000,
ESTAT:EI_ISEN_M(1.0),18/01/23 11:00:00,M,NSA,IS-IEL-GWH,CZ,2013-10,1030.000,
ESTAT:EI_ISEN_M(1.0),18/01/23 11:00:00,M,NSA,IS-IEL-GWH,CZ,2013-11,975.000,
ESTAT:EI_ISEN_M(1.0),18/01/23 11:00:00,M,NSA,IS-IEL-GWH,CZ,2013-12,1543.000,
ESTAT:EI_ISEN_M(1.0),18/01/23 11:00:00,M,NSA,IS-IEL-GWH,CZ,2014-01,1275.000,
ESTAT:EI_ISEN_M(1.0),18/01/23 11:00:00,M,NSA,IS-IEL-GWH,CZ,2014-02,1112.000,
ESTAT:EI_ISEN_M(1.0),18/01/23 11:00:00,M,NSA,IS-IEL-GWH,CZ,2014-03,921.000,
ESTAT:EI_ISEN_M(1.0),18/01/23 11:00:00,M,NSA,IS-IEL-GWH,CZ,2014-04,868.000,
ESTAT:EI_ISEN_M(1.0),18/01/23 11:00:00,M,NSA,IS-IEL-GWH,CZ,2014-05,556.000,
ESTAT:EI_ISEN_M(1.0),18/01/23 11:00:00,M,NSA,IS-IEL-GWH,CZ,2014-06,305.000,
ESTAT:EI_ISEN_M(1.0),18/01/23 11:00:00,M,NSA,IS-IEL-GWH,CZ,2014-07,1283.000,
ESTAT:EI_ISEN_M(1.0),18/01/23 11:00:00,M,NSA,IS-IEL-GWH,CZ,2014-08,691.000,
ESTAT:EI_ISEN_M(1.0),18/01/23 11:00:00,M,NSA,IS-IEL-GWH,CZ,2014-09,421.000,
ESTAT:EI_ISEN_M(1.0),18/01/23 11:00:00,M,NSA,IS-IEL-GWH,CZ,2014-10,763.000,
ESTAT:EI_ISEN_M(1.0),18/01/23 11:00:00,M,NSA,IS-IEL-GWH,CZ,2014-11,956.000,
ESTAT:EI_ISEN_M(1.0),18/01/23 11:00:00,M,NSA,IS-IEL-GWH,CZ,2014-12,1355.000,
ESTAT:EI_ISEN_M(1.0),18/01/23 11:00:00,M,NSA,IS-IEL-GWH,CZ,2015-01,1353.000,
ESTAT:EI_ISEN_M(1.0),18/01/23 11:00:00,M,NSA,IS-IEL-GWH,CZ,2015-02,1164.000,
ESTAT:EI_ISEN_M(1.0),18/01/23 11:00:00,M,NSA,IS-IEL-GWH,CZ,2015-03,992.000,
ESTAT:EI_ISEN_M(1.0),18/01/23 11:00:00,M,NSA,IS-IEL-GWH,CZ,2015-04,561.000,
ESTAT:EI_ISEN_M(1.0),18/01/23 11:00:00,M,NSA,IS-IEL-GWH,CZ,2015-05,752.000,
ESTAT:EI_ISEN_M(1.0),18/01/23 11:00:00,M,NSA,IS-IEL-GWH,CZ,2015-06,942.000,
ESTAT:EI_ISEN_M(1.0),18/01/23 11:00:00,M,NSA,IS-IEL-GWH,CZ,2015-07,1727.000,
ESTAT:EI_ISEN_M(1.0),18/01/23 11:00:00,M,NSA,IS-IEL-GWH,CZ,2015-08,1469.000,
ESTAT:EI_ISEN_M(1.0),18/01/23 11:00:00,M,NSA,IS-IEL-GWH,CZ,2015-09,1721.000,
ESTAT:EI_ISEN_M(1.0),18/01/23 11:00:00,M,NSA,IS-IEL-GWH,CZ,2015-10,1664.000,
ESTAT:EI_ISEN_M(1.0),18/01/23 11:00:00,M,NSA,IS-IEL-GWH,CZ,2015-11,1843.000,
ESTAT:EI_ISEN_M(1.0),18/01/23 11:00:00,M,NSA,IS-IEL-GWH,CZ,2015-12,1956.000,
ESTAT:EI_ISEN_M(1.0),18/01/23 11:00:00,M,NSA,IS-IEL-GWH,CZ,2016-01,1938.000,
ESTAT:EI_ISEN_M(1.0),18/01/23 11:00:00,M,NSA,IS-IEL-GWH,CZ,2016-02,1100.000,
ESTAT:EI_ISEN_M(1.0),18/01/23 11:00:00,M,NSA,IS-IEL-GWH,CZ,2016-03,1071.000,
ESTAT:EI_ISEN_M(1.0),18/01/23 11:00:00,M,NSA,IS-IEL-GWH,CZ,2016-04,1158.000,
ESTAT:EI_ISEN_M(1.0),18/01/23 11:00:00,M,NSA,IS-IEL-GWH,CZ,2016-05,892.000,
ESTAT:EI_ISEN_M(1.0),18/01/23 11:00:00,M,NSA,IS-IEL-GWH,CZ,2016-06,630.000,
ESTAT:EI_ISEN_M(1.0),18/01/23 11:00:00,M,NSA,IS-IEL-GWH,CZ,2016-07,856.000,
ESTAT:EI_ISEN_M(1.0),18/01/23 11:00:00,M,NSA,IS-IEL-GWH,CZ,2016-08,831.000,
ESTAT:EI_ISEN_M(1.0),18/01/23 11:00:00,M,NSA,IS-IEL-GWH,CZ,2016-09,1298.000,
ESTAT:EI_ISEN_M(1.0),18/01/23 11:00:00,M,NSA,IS-IEL-GWH,CZ,2016-10,1241.000,
ESTAT:EI_ISEN_M(1.0),18/01/23 11:00:00,M,NSA,IS-IEL-GWH,CZ,2016-11,1149.000,
ESTAT:EI_ISEN_M(1.0),18/01/23 11:00:00,M,NSA,IS-IEL-GWH,CZ,2016-12,1653.000,
ESTAT:EI_ISEN_M(1.0),18/01/23 11:00:00,M,NSA,IS-IEL-GWH,CZ,2017-01,1836.679,
ESTAT:EI_ISEN_M(1.0),18/01/23 11:00:00,M,NSA,IS-IEL-GWH,CZ,2017-02,1674.044,
ESTAT:EI_ISEN_M(1.0),18/01/23 11:00:00,M,NSA,IS-IEL-GWH,CZ,2017-03,1143.716,
ESTAT:EI_ISEN_M(1.0),18/01/23 11:00:00,M,NSA,IS-IEL-GWH,CZ,2017-04,1053.711,
ESTAT:EI_ISEN_M(1.0),18/01/23 11:00:00,M,NSA,IS-IEL-GWH,CZ,2017-05,1219.602,
ESTAT:EI_ISEN_M(1.0),18/01/23 11:00:00,M,NSA,IS-IEL-GWH,CZ,2017-06,1623.896,
ESTAT:EI_ISEN_M(1.0),18/01/23 11:00:00,M,NSA,IS-IEL-GWH,CZ,2017-07,1425.543,
ESTAT:EI_ISEN_M(1.0),18/01/23 11:00:00,M,NSA,IS-IEL-GWH,CZ,2017-08,805.610,
ESTAT:EI_ISEN_M(1.0),18/01/23 11:00:00,M,NSA,IS-IEL-GWH,CZ,2017-09,601.384,
ESTAT:EI_ISEN_M(1.0),18/01/23 11:00:00,M,NSA,IS-IEL-GWH,CZ,2017-10,1137.385,
ESTAT:EI_ISEN_M(1.0),18/01/23 11:00:00,M,NSA,IS-IEL-GWH,CZ,2017-11,1129.283,
ESTAT:EI_ISEN_M(1.0),18/01/23 11:00:00,M,NSA,IS-IEL-GWH,CZ,2017-12,1421.146,
ESTAT:EI_ISEN_M(1.0),18/01/23 11:00:00,M,NSA,IS-IEL-GWH,CZ,2018-01,1225.538,
ESTAT:EI_ISEN_M(1.0),18/01/23 11:00:00,M,NSA,IS-IEL-GWH,CZ,2018-02,1068.915,
ESTAT:EI_ISEN_M(1.0),18/01/23 11:00:00,M,NSA,IS-IEL-GWH,CZ,2018-03,866.917,
ESTAT:EI_ISEN_M(1.0),18/01/23 11:00:00,M,NSA,IS-IEL-GWH,CZ,2018-04,651.182,
ESTAT:EI_ISEN_M(1.0),18/01/23 11:00:00,M,NSA,IS-IEL-GWH,CZ,2018-05,729.401,
ESTAT:EI_ISEN_M(1.0),18/01/23 11:00:00,M,NSA,IS-IEL-GWH,CZ,2018-06,900.230,
ESTAT:EI_ISEN_M(1.0),18/01/23 11:00:00,M,NSA,IS-IEL-GWH,CZ,2018-07,815.006,
ESTAT:EI_ISEN_M(1.0),18/01/23 11:00:00,M,NSA,IS-IEL-GWH,CZ,2018-08,965.264,
ESTAT:EI_ISEN_M(1.0),18/01/23 11:00:00,M,NSA,IS-IEL-GWH,CZ,2018-09,749.163,
ESTAT:EI_ISEN_M(1.0),18/01/23 11:00:00,M,NSA,IS-IEL-GWH,CZ,2018-10,1218.448,
ESTAT:EI_ISEN_M(1.0),18/01/23 11:00:00,M,NSA,IS-IEL-GWH,CZ,2018-11,1147.279,
ESTAT:EI_ISEN_M(1.0),18/01/23 11:00:00,M,NSA,IS-IEL-GWH,CZ,2018-12,1236.068,
ESTAT:EI_ISEN_M(1.0),18/01/23 11:00:00,M,NSA,IS-IEL-GWH,CZ,2019-01,1285.242,
ESTAT:EI_ISEN_M(1.0),18/01/23 11:00:00,M,NSA,IS-IEL-GWH,CZ,2019-02,857.836,
ESTAT:EI_ISEN_M(1.0),18/01/23 11:00:00,M,NSA,IS-IEL-GWH,CZ,2019-03,1039.475,
ESTAT:EI_ISEN_M(1.0),18/01/23 11:00:00,M,NSA,IS-IEL-GWH,CZ,2019-04,879.431,
ESTAT:EI_ISEN_M(1.0),18/01/23 11:00:00,M,NSA,IS-IEL-GWH,CZ,2019-05,630.856,
ESTAT:EI_ISEN_M(1.0),18/01/23 11:00:00,M,NSA,IS-IEL-GWH,CZ,2019-06,780.778,
ESTAT:EI_ISEN_M(1.0),18/01/23 11:00:00,M,NSA,IS-IEL-GWH,CZ,2019-07,1338.961,
ESTAT:EI_ISEN_M(1.0),18/01/23 11:00:00,M,NSA,IS-IEL-GWH,CZ,2019-08,733.618,
ESTAT:EI_ISEN_M(1.0),18/01/23 11:00:00,M,NSA,IS-IEL-GWH,CZ,2019-09,842.234,
ESTAT:EI_ISEN_M(1.0),18/01/23 11:00:00,M,NSA,IS-IEL-GWH,CZ,2019-10,846.098,
ESTAT:EI_ISEN_M(1.0),18/01/23 11:00:00,M,NSA,IS-IEL-GWH,CZ,2019-11,663.222,
ESTAT:EI_ISEN_M(1.0),18/01/23 11:00:00,M,NSA,IS-IEL-GWH,CZ,2019-12,1128.462,
ESTAT:EI_ISEN_M(1.0),18/01/23 11:00:00,M,NSA,IS-IEL-GWH,CZ,2020-01,1692.568,
ESTAT:EI_ISEN_M(1.0),18/01/23 11:00:00,M,NSA,IS-IEL-GWH,CZ,2020-02,1320.708,
ESTAT:EI_ISEN_M(1.0),18/01/23 11:00:00,M,NSA,IS-IEL-GWH,CZ,2020-03,1218.885,
ESTAT:EI_ISEN_M(1.0),18/01/23 11:00:00,M,NSA,IS-IEL-GWH,CZ,2020-04,1106.025,
ESTAT:EI_ISEN_M(1.0),18/01/23 11:00:00,M,NSA,IS-IEL-GWH,CZ,2020-05,1003.786,
ESTAT:EI_ISEN_M(1.0),18/01/23 11:00:00,M,NSA,IS-IEL-GWH,CZ,2020-06,714.499,
ESTAT:EI_ISEN_M(1.0),18/01/23 11:00:00,M,NSA,IS-IEL-GWH,CZ,2020-07,1086.061,
ESTAT:EI_ISEN_M(1.0),18/01/23 11:00:00,M,NSA,IS-IEL-GWH,CZ,2020-08,739.738,
ESTAT:EI_ISEN_M(1.0),18/01/23 11:00:00,M,NSA,IS-IEL-GWH,CZ,2020-09,772.450,
ESTAT:EI_ISEN_M(1.0),18/01/23 11:00:00,M,NSA,IS-IEL-GWH,CZ,2020-10,1164.600,
ESTAT:EI_ISEN_M(1.0),18/01/23 11:00:00,M,NSA,IS-IEL-GWH,CZ,2020-11,1220.868,
ESTAT:EI_ISEN_M(1.0),18/01/23 11:00:00,M,NSA,IS-IEL-GWH,CZ,2020-12,1327.863,
ESTAT:EI_ISEN_M(1.0),18/01/23 11:00:00,M,NSA,IS-IEL-GWH,CZ,2021-01,1176.257,
ESTAT:EI_ISEN_M(1.0),18/01/23 11:00:00,M,NSA,IS-IEL-GWH,CZ,2021-02,865.834,
ESTAT:EI_ISEN_M(1.0),18/01/23 11:00:00,M,NSA,IS-IEL-GWH,CZ,2021-03,1160.383,
ESTAT:EI_ISEN_M(1.0),18/01/23 11:00:00,M,NSA,IS-IEL-GWH,CZ,2021-04,1450.327,
ESTAT:EI_ISEN_M(1.0),18/01/23 11:00:00,M,NSA,IS-IEL-GWH,CZ,2021-05,1150.662,
ESTAT:EI_ISEN_M(1.0),18/01/23 11:00:00,M,NSA,IS-IEL-GWH,CZ,2021-06,849.149,
ESTAT:EI_ISEN_M(1.0),18/01/23 11:00:00,M,NSA,IS-IEL-GWH,CZ,2021-07,1094.379,
ESTAT:EI_ISEN_M(1.0),18/01/23 11:00:00,M,NSA,IS-IEL-GWH,CZ,2021-08,1227.308,
ESTAT:EI_ISEN_M(1.0),18/01/23 11:00:00,M,NSA,IS-IEL-GWH,CZ,2021-09,1459.550,
ESTAT:EI_ISEN_M(1.0),18/01/23 11:00:00,M,NSA,IS-IEL-GWH,CZ,2021-10,1700.160,
ESTAT:EI_ISEN_M(1.0),18/01/23 11:00:00,M,NSA,IS-IEL-GWH,CZ,2021-11,1537.850,
ESTAT:EI_ISEN_M(1.0),18/01/23 11:00:00,M,NSA,IS-IEL-GWH,CZ,2021-12,1481.123,
ESTAT:EI_ISEN_M(1.0),18/01/23 11:00:00,M,NSA,IS-IEL-GWH,CZ,2022-01,1649.203,
ESTAT:EI_ISEN_M(1.0),18/01/23 11:00:00,M,NSA,IS-IEL-GWH,CZ,2022-02,1631.990,
ESTAT:EI_ISEN_M(1.0),18/01/23 11:00:00,M,NSA,IS-IEL-GWH,CZ,2022-03,1540.204,
ESTAT:EI_ISEN_M(1.0),18/01/23 11:00:00,M,NSA,IS-IEL-GWH,CZ,2022-04,1703.391,
ESTAT:EI_ISEN_M(1.0),18/01/23 11:00:00,M,NSA,IS-IEL-GWH,CZ,2022-05,1546.755,
ESTAT:EI_ISEN_M(1.0),18/01/23 11:00:00,M,NSA,IS-IEL-GWH,CZ,2022-06,1028.689,
ESTAT:EI_ISEN_M(1.0),18/01/23 11:00:00,M,NSA,IS-IEL-GWH,CZ,2022-07,1131.935,
ESTAT:EI_ISEN_M(1.0),18/01/23 11:00:00,M,NSA,IS-IEL-GWH,CZ,2022-08,1042.083,
ESTAT:EI_ISEN_M(1.0),18/01/23 11:00:00,M,NSA,IS-IEL-GWH,CZ,2022-09,1155.212,
ESTAT:EI_ISEN_M(1.0),18/01/23 11:00:00,M,NSA,IS-IEL-GWH,CZ,2022-10,1561.309,
ESTAT:EI_ISEN_M(1.0),18/01/23 11:00:00,M,NSA,IS-ING-TJ,CZ,2008-01,32578.000,
ESTAT:EI_ISEN_M(1.0),18/01/23 11:00:00,M,NSA,IS-ING-TJ,CZ,2008-02,30605.000,
ESTAT:EI_ISEN_M(1.0),18/01/23 11:00:00,M,NSA,IS-ING-TJ,CZ,2008-03,33815.000,
ESTAT:EI_ISEN_M(1.0),18/01/23 11:00:00,M,NSA,IS-ING-TJ,CZ,2008-04,31546.000,
ESTAT:EI_ISEN_M(1.0),18/01/23 11:00:00,M,NSA,IS-ING-TJ,CZ,2008-05,35360.000,
ESTAT:EI_ISEN_M(1.0),18/01/23 11:00:00,M,NSA,IS-ING-TJ,CZ,2008-06,34056.000,
ESTAT:EI_ISEN_M(1.0),18/01/23 11:00:00,M,NSA,IS-ING-TJ,CZ,2008-07,30857.000,
ESTAT:EI_ISEN_M(1.0),18/01/23 11:00:00,M,NSA,IS-ING-TJ,CZ,2008-08,21210.000,
ESTAT:EI_ISEN_M(1.0),18/01/23 11:00:00,M,NSA,IS-ING-TJ,CZ,2008-09,22611.000,
ESTAT:EI_ISEN_M(1.0),18/01/23 11:00:00,M,NSA,IS-ING-TJ,CZ,2008-10,28260.000,
ESTAT:EI_ISEN_M(1.0),18/01/23 11:00:00,M,NSA,IS-ING-TJ,CZ,2008-11,29717.000,
ESTAT:EI_ISEN_M(1.0),18/01/23 11:00:00,M,NSA,IS-ING-TJ,CZ,2008-12,33044.000,
ESTAT:EI_ISEN_M(1.0),18/01/23 11:00:00,M,NSA,IS-ING-TJ,CZ,2009-01,25856.000,
ESTAT:EI_ISEN_M(1.0),18/01/23 11:00:00,M,NSA,IS-ING-TJ,CZ,2009-02,28034.000,
ESTAT:EI_ISEN_M(1.0),18/01/23 11:00:00,M,NSA,IS-ING-TJ,CZ,2009-03,23753.000,
ESTAT:EI_ISEN_M(1.0),18/01/23 11:00:00,M,NSA,IS-ING-TJ,CZ,2009-04,21054.000,
ESTAT:EI_ISEN_M(1.0),18/01/23 11:00:00,M,NSA,IS-ING-TJ,CZ,2009-05,33033.000,
ESTAT:EI_ISEN_M(1.0),18/01/23 11:00:00,M,NSA,IS-ING-TJ,CZ,2009-06,32378.000,
ESTAT:EI_ISEN_M(1.0),18/01/23 11:00:00,M,NSA,IS-ING-TJ,CZ,2009-07,39965.000,
ESTAT:EI_ISEN_M(1.0),18/01/23 11:00:00,M,NSA,IS-ING-TJ,CZ,2009-08,31336.000,
ESTAT:EI_ISEN_M(1.0),18/01/23 11:00:00,M,NSA,IS-ING-TJ,CZ,2009-09,25822.000,
ESTAT:EI_ISEN_M(1.0),18/01/23 11:00:00,M,NSA,IS-ING-TJ,CZ,2009-10,31993.000,
ESTAT:EI_ISEN_M(1.0),18/01/23 11:00:00,M,NSA,IS-ING-TJ,CZ,2009-11,37614.000,
ESTAT:EI_ISEN_M(1.0),18/01/23 11:00:00,M,NSA,IS-ING-TJ,CZ,2009-12,38048.000,
ESTAT:EI_ISEN_M(1.0),18/01/23 11:00:00,M,NSA,IS-ING-TJ,CZ,2010-01,32838.000,
ESTAT:EI_ISEN_M(1.0),18/01/23 11:00:00,M,NSA,IS-ING-TJ,CZ,2010-02,30810.000,
ESTAT:EI_ISEN_M(1.0),18/01/23 11:00:00,M,NSA,IS-ING-TJ,CZ,2010-03,31940.000,
ESTAT:EI_ISEN_M(1.0),18/01/23 11:00:00,M,NSA,IS-ING-TJ,CZ,2010-04,28278.000,
ESTAT:EI_ISEN_M(1.0),18/01/23 11:00:00,M,NSA,IS-ING-TJ,CZ,2010-05,26268.000,
ESTAT:EI_ISEN_M(1.0),18/01/23 11:00:00,M,NSA,IS-ING-TJ,CZ,2010-06,23740.000,
ESTAT:EI_ISEN_M(1.0),18/01/23 11:00:00,M,NSA,IS-ING-TJ,CZ,2010-07,22182.000,
ESTAT:EI_ISEN_M(1.0),18/01/23 11:00:00,M,NSA,IS-ING-TJ,CZ,2010-08,23789.000,
ESTAT:EI_ISEN_M(1.0),18/01/23 11:00:00,M,NSA,IS-ING-TJ,CZ,2010-09,24255.000,
ESTAT:EI_ISEN_M(1.0),18/01/23 11:00:00,M,NSA,IS-ING-TJ,CZ,2010-10,28480.000,
ESTAT:EI_ISEN_M(1.0),18/01/23 11:00:00,M,NSA,IS-ING-TJ,CZ,2010-11,29401.000,
ESTAT:EI_ISEN_M(1.0),18/01/23 11:00:00,M,NSA,IS-ING-TJ,CZ,2010-12,22560.000,
ESTAT:EI_ISEN_M(1.0),18/01/23 11:00:00,M,NSA,IS-ING-TJ,CZ,2011-01,37814.000,
ESTAT:EI_ISEN_M(1.0),18/01/23 11:00:00,M,NSA,IS-ING-TJ,CZ,2011-02,34873.000,
ESTAT:EI_ISEN_M(1.0),18/01/23 11:00:00,M,NSA,IS-ING-TJ,CZ,2011-03,35454.000,
ESTAT:EI_ISEN_M(1.0),18/01/23 11:00:00,M,NSA,IS-ING-TJ,CZ,2011-04,39434.000,
ESTAT:EI_ISEN_M(1.0),18/01/23 11:00:00,M,NSA,IS-ING-TJ,CZ,2011-05,33566.000,
ESTAT:EI_ISEN_M(1.0),18/01/23 11:00:00,M,NSA,IS-ING-TJ,CZ,2011-06,22700.000,
ESTAT:EI_ISEN_M(1.0),18/01/23 11:00:00,M,NSA,IS-ING-TJ,CZ,2011-07,23964.000,
ESTAT:EI_ISEN_M(1.0),18/01/23 11:00:00,M,NSA,IS-ING-TJ,CZ,2011-08,14984.000,
ESTAT:EI_ISEN_M(1.0),18/01/23 11:00:00,M,NSA,IS-ING-TJ,CZ,2011-09,13977.000,
ESTAT:EI_ISEN_M(1.0),18/01/23 11:00:00,M,NSA,IS-ING-TJ,CZ,2011-10,27689.000,
ESTAT:EI_ISEN_M(1.0),18/01/23 11:00:00,M,NSA,IS-ING-TJ,CZ,2011-11,35284.000,
ESTAT:EI_ISEN_M(1.0),18/01/23 11:00:00,M,NSA,IS-ING-TJ,CZ,2011-12,35701.000,
ESTAT:EI_ISEN_M(1.0),18/01/23 11:00:00,M,NSA,IS-ING-TJ,CZ,2012-01,31875.000,
ESTAT:EI_ISEN_M(1.0),18/01/23 11:00:00,M,NSA,IS-ING-TJ,CZ,2012-02,55745.000,
ESTAT:EI_ISEN_M(1.0),18/01/23 11:00:00,M,NSA,IS-ING-TJ,CZ,2012-03,53796.000,
ESTAT:EI_ISEN_M(1.0),18/01/23 11:00:00,M,NSA,IS-ING-TJ,CZ,2012-04,49669.000,
ESTAT:EI_ISEN_M(1.0),18/01/23 11:00:00,M,NSA,IS-ING-TJ,CZ,2012-05,23075.000,
ESTAT:EI_ISEN_M(1.0),18/01/23 11:00:00,M,NSA,IS-ING-TJ,CZ,2012-06,19715.000,
ESTAT:EI_ISEN_M(1.0),18/01/23 11:00:00,M,NSA,IS-ING-TJ,CZ,2012-07,25488.000,
ESTAT:EI_ISEN_M(1.0),18/01/23 11:00:00,M,NSA,IS-ING-TJ,CZ,2012-08,25488.000,
ESTAT:EI_ISEN_M(1.0),18/01/23 11:00:00,M,NSA,IS-ING-TJ,CZ,2012-09,18400.000,
ESTAT:EI_ISEN_M(1.0),18/01/23 11:00:00,M,NSA,IS-ING-TJ,CZ,2012-10,24634.000,
ESTAT:EI_ISEN_M(1.0),18/01/23 11:00:00,M,NSA,IS-ING-TJ,CZ,2012-11,15502.000,
ESTAT:EI_ISEN_M(1.0),18/01/23 11:00:00,M,NSA,IS-ING-TJ,CZ,2012-12,27066.000,
ESTAT:EI_ISEN_M(1.0),18/01/23 11:00:00,M,NSA,IS-ING-TJ,CZ,2013-01,19351.000,
ESTAT:EI_ISEN_M(1.0),18/01/23 11:00:00,M,NSA,IS-ING-TJ,CZ,2013-02,27469.000,
ESTAT:EI_ISEN_M(1.0),18/01/23 11:00:00,M,NSA,IS-ING-TJ,CZ,2013-03,130823.000,
ESTAT:EI_ISEN_M(1.0),18/01/23 11:00:00,M,NSA,IS-ING-TJ,CZ,2013-04,122968.000,
ESTAT:EI_ISEN_M(1.0),18/01/23 11:00:00,M,NSA,IS-ING-TJ,CZ,2013-05,120375.000,
ESTAT:EI_ISEN_M(1.0),18/01/23 11:00:00,M,NSA,IS-ING-TJ,CZ,2013-06,118837.000,
ESTAT:EI_ISEN_M(1.0),18/01/23 11:00:00,M,NSA,IS-ING-TJ,CZ,2013-07,128459.000,
ESTAT:EI_ISEN_M(1.0),18/01/23 11:00:00,M,NSA,IS-ING-TJ,CZ,2013-08,120010.000,
ESTAT:EI_ISEN_M(1.0),18/01/23 11:00:00,M,NSA,IS-ING-TJ,CZ,2013-09,116573.000,
ESTAT:EI_ISEN_M(1.0),18/01/23 11:00:00,M,NSA,IS-ING-TJ,CZ,2013-10,113809.000,
ESTAT:EI_ISEN_M(1.0),18/01/23 11:00:00,M,NSA,IS-ING-TJ,CZ,2013-11,123893.000,p
ESTAT:EI_ISEN_M(1.0),18/01/23 11:00:00,M,NSA,IS-ING-TJ,CZ,2013-12,139026.000,p
ESTAT:EI_ISEN_M(1.0),18/01/23 11:00:00,M,NSA,IS-ING-TJ,CZ,2014-01,118213.000,p
ESTAT:EI_ISEN_M(1.0),18/01/23 11:00:00,M,NSA,IS-ING-TJ,CZ,2014-02,110620.000,
ESTAT:EI_ISEN_M(1.0),18/01/23 11:00:00,M,NSA,IS-ING-TJ,CZ,2014-03,119509.000,
ESTAT:EI_ISEN_M(1.0),18/01/23 11:00:00,M,NSA,IS-ING-TJ,CZ,2014-04,113251.000,
ESTAT:EI_ISEN_M(1.0),18/01/23 11:00:00,M,NSA,IS-ING-TJ,CZ,2014-05,115111.000,
ESTAT:EI_ISEN_M(1.0),18/01/23 11:00:00,M,NSA,IS-ING-TJ,CZ,2014-06,103463.000,
ESTAT:EI_ISEN_M(1.0),18/01/23 11:00:00,M,NSA,IS-ING-TJ,CZ,2014-07,104872.000,
ESTAT:EI_ISEN_M(1.0),18/01/23 11:00:00,M,NSA,IS-ING-TJ,CZ,2014-08,98701.000,
ESTAT:EI_ISEN_M(1.0),18/01/23 11:00:00,M,NSA,IS-ING-TJ,CZ,2014-09,117526.000,
ESTAT:EI_ISEN_M(1.0),18/01/23 11:00:00,M,NSA,IS-ING-TJ,CZ,2014-10,134935.000,
ESTAT:EI_ISEN_M(1.0),18/01/23 11:00:00,M,NSA,IS-ING-TJ,CZ,2014-11,129010.000,
ESTAT:EI_ISEN_M(1.0),18/01/23 11:00:00,M,NSA,IS-ING-TJ,CZ,2014-12,133153.000,
ESTAT:EI_ISEN_M(1.0),18/01/23 11:00:00,M,NSA,IS-ING-TJ,CZ,2015-01,125681.000,
ESTAT:EI_ISEN_M(1.0),18/01/23 11:00:00,M,NSA,IS-ING-TJ,CZ,2015-02,95010.000,
ESTAT:EI_ISEN_M(1.0),18/01/23 11:00:00,M,NSA,IS-ING-TJ,CZ,2015-03,126662.000,
ESTAT:EI_ISEN_M(1.0),18/01/23 11:00:00,M,NSA,IS-ING-TJ,CZ,2015-04,128747.000,
ESTAT:EI_ISEN_M(1.0),18/01/23 11:00:00,M,NSA,IS-ING-TJ,CZ,2015-05,133600.000,
ESTAT:EI_ISEN_M(1.0),18/01/23 11:00:00,M,NSA,IS-ING-TJ,CZ,2015-06,118811.000,
ESTAT:EI_ISEN_M(1.0),18/01/23 11:00:00,M,NSA,IS-ING-TJ,CZ,2015-07,106062.000,
ESTAT:EI_ISEN_M(1.0),18/01/23 11:00:00,M,NSA,IS-ING-TJ,CZ,2015-08,97244.000,
ESTAT:EI_ISEN_M(1.0),18/01/23 11:00:00,M,NSA,IS-ING-TJ,CZ,2015-09,108537.000,
ESTAT:EI_ISEN_M(1.0),18/01/23 11:00:00,M,NSA,IS-ING-TJ,CZ,2015-10,114182.000,
ESTAT:EI_ISEN_M(1.0),18/01/23 11:00:00,M,NSA,IS-ING-TJ,CZ,2015-11,107081.000,
ESTAT:EI_ISEN_M(1.0),18/01/23 11:00:00,M,NSA,IS-ING-TJ,CZ,2015-12,107629.000,
ESTAT:EI_ISEN_M(1.0),18/01/23 11:00:00,M,NSA,IS-ING-TJ,CZ,2016-01,97459.000,
ESTAT:EI_ISEN_M(1.0),18/01/23 11:00:00,M,NSA,IS-ING-TJ,CZ,2016-02,101142.000,
ESTAT:EI_ISEN_M(1.0),18/01/23 11:00:00,M,NSA,IS-ING-TJ,CZ,2016-03,103982.000,
ESTAT:EI_ISEN_M(1.0),18/01/23 11:00:00,M,NSA,IS-ING-TJ,CZ,2016-04,106342.000,
ESTAT:EI_ISEN_M(1.0),18/01/23 11:00:00,M,NSA,IS-ING-TJ,CZ,2016-05,108471.000,
ESTAT:EI_ISEN_M(1.0),18/01/23 11:00:00,M,NSA,IS-ING-TJ,CZ,2016-06,108473.000,
ESTAT:EI_ISEN_M(1.0),18/01/23 11:00:00,M,NSA,IS-ING-TJ,CZ,2016-07,115263.000,
ESTAT:EI_ISEN_M(1.0),18/01/23 11:00:00,M,NSA,IS-ING-TJ,CZ,2016-08,98855.000,
ESTAT:EI_ISEN_M(1.0),18/01/23 11:00:00,M,NSA,IS-ING-TJ,CZ,2016-09,100811.000,
ESTAT:EI_ISEN_M(1.0),18/01/23 11:00:00,M,NSA,IS-ING-TJ,CZ,2016-10,123261.000,
ESTAT:EI_ISEN_M(1.0),18/01/23 11:00:00,M,NSA,IS-ING-TJ,CZ,2016-11,123555.000,
ESTAT:EI_ISEN_M(1.0),18/01/23 11:00:00,M,NSA,IS-ING-TJ,CZ,2016-12,118626.000,
ESTAT:EI_ISEN_M(1.0),18/01/23 11:00:00,M,NSA,IS-ING-TJ,CZ,2017-01,136343.000,
ESTAT:EI_ISEN_M(1.0),18/01/23 11:00:00,M,NSA,IS-ING-TJ,CZ,2017-02,108349.000,
ESTAT:EI_ISEN_M(1.0),18/01/23 11:00:00,M,NSA,IS-ING-TJ,CZ,2017-03,113388.000,
ESTAT:EI_ISEN_M(1.0),18/01/23 11:00:00,M,NSA,IS-ING-TJ,CZ,2017-04,105995.000,
ESTAT:EI_ISEN_M(1.0),18/01/23 11:00:00,M,NSA,IS-ING-TJ,CZ,2017-05,100724.000,
ESTAT:EI_ISEN_M(1.0),18/01/23 11:00:00,M,NSA,IS-ING-TJ,CZ,2017-06,79106.000,
ESTAT:EI_ISEN_M(1.0),18/01/23 11:00:00,M,NSA,IS-ING-TJ,CZ,2017-07,94645.000,
ESTAT:EI_ISEN_M(1.0),18/01/23 11:00:00,M,NSA,IS-ING-TJ,CZ,2017-08,106600.000,
ESTAT:EI_ISEN_M(1.0),18/01/23 11:00:00,M,NSA,IS-ING-TJ,CZ,2017-09,106915.000,
ESTAT:EI_ISEN_M(1.0),18/01/23 11:00:00,M,NSA,IS-ING-TJ,CZ,2017-10,136381.000,
ESTAT:EI_ISEN_M(1.0),18/01/23 11:00:00,M,NSA,IS-ING-TJ,CZ,2017-11,129675.000,
ESTAT:EI_ISEN_M(1.0),18/01/23 11:00:00,M,NSA,IS-ING-TJ,CZ,2017-12,126023.000,
ESTAT:EI_ISEN_M(1.0),18/01/23 11:00:00,M,NSA,IS-ING-TJ,CZ,2018-01,124789.000,
ESTAT:EI_ISEN_M(1.0),18/01/23 11:00:00,M,NSA,IS-ING-TJ,CZ,2018-02,129316.000,
ESTAT:EI_ISEN_M(1.0),18/01/23 11:00:00,M,NSA,IS-ING-TJ,CZ,2018-03,123896.000,
ESTAT:EI_ISEN_M(1.0),18/01/23 11:00:00,M,NSA,IS-ING-TJ,CZ,2018-04,128869.000,
ESTAT:EI_ISEN_M(1.0),18/01/23 11:00:00,M,NSA,IS-ING-TJ,CZ,2018-05,137409.000,
ESTAT:EI_ISEN_M(1.0),18/01/23 11:00:00,M,NSA,IS-ING-TJ,CZ,2018-06,122528.000,
ESTAT:EI_ISEN_M(1.0),18/01/23 11:00:00,M,NSA,IS-ING-TJ,CZ,2018-07,103525.000,
ESTAT:EI_ISEN_M(1.0),18/01/23 11:00:00,M,NSA,IS-ING-TJ,CZ,2018-08,144982.000,
ESTAT:EI_ISEN_M(1.0),18/01/23 11:00:00,M,NSA,IS-ING-TJ,CZ,2018-09,134391.000,
ESTAT:EI_ISEN_M(1.0),18/01/23 11:00:00,M,NSA,IS-ING-TJ,CZ,2018-10,127902.000,
ESTAT:EI_ISEN_M(1.0),18/01/23 11:00:00,M,NSA,IS-ING-TJ,CZ,2018-11,129157.000,
ESTAT:EI_ISEN_M(1.0),18/01/23 11:00:00,M,NSA,IS-ING-TJ,CZ,2018-12,120020.000,
ESTAT:EI_ISEN_M(1.0),18/01/23 11:00:00,M,NSA,IS-ING-TJ,CZ,2019-01,124014.000,
ESTAT:EI_ISEN_M(1.0),18/01/23 11:00:00,M,NSA,IS-ING-TJ,CZ,2019-02,108539.000,p
ESTAT:EI_ISEN_M(1.0),18/01/23 11:00:00,M,NSA,IS-ING-TJ,CZ,2019-03,116487.000,
ESTAT:EI_ISEN_M(1.0),18/01/23 11:00:00,M,NSA,IS-ING-TJ,CZ,2019-04,122782.000,
ESTAT:EI_ISEN_M(1.0),18/01/23 11:00:00,M,NSA,IS-ING-TJ,CZ,2019-05,133475.000,
ESTAT:EI_ISEN_M(1.0),18/01/23 11:00:00,M,NSA,IS-ING-TJ,CZ,2019-06,137476.000,
ESTAT:EI_ISEN_M(1.0),18/01/23 11:00:00,M,NSA,IS-ING-TJ,CZ,2019-07,95140.000,
ESTAT:EI_ISEN_M(1.0),18/01/23 11:00:00,M,NSA,IS-ING-TJ,CZ,2019-08,128892.000,
ESTAT:EI_ISEN_M(1.0),18/01/23 11:00:00,M,NSA,IS-ING-TJ,CZ,2019-09,109713.000,
ESTAT:EI_ISEN_M(1.0),18/01/23 11:00:00,M,NSA,IS-ING-TJ,CZ,2019-10,93559.000,
ESTAT:EI_ISEN_M(1.0),18/01/23 11:00:00,M,NSA,IS-ING-TJ,CZ,2019-11,104320.000,
ESTAT:EI_ISEN_M(1.0),18/01/23 11:00:00,M,NSA,IS-ING-TJ,CZ,2019-12,112964.000,
ESTAT:EI_ISEN_M(1.0),18/01/23 11:00:00,M,NSA,IS-ING-TJ,CZ,2020-01,151859.298,
ESTAT:EI_ISEN_M(1.0),18/01/23 11:00:00,M,NSA,IS-ING-TJ,CZ,2020-02,137848.423,
ESTAT:EI_ISEN_M(1.0),18/01/23 11:00:00,M,NSA,IS-ING-TJ,CZ,2020-03,142943.814,
ESTAT:EI_ISEN_M(1.0),18/01/23 11:00:00,M,NSA,IS-ING-TJ,CZ,2020-04,131463.371,
ESTAT:EI_ISEN_M(1.0),18/01/23 11:00:00,M,NSA,IS-ING-TJ,CZ,2020-05,129490.833,
ESTAT:EI_ISEN_M(1.0),18/01/23 11:00:00,M,NSA,IS-ING-TJ,CZ,2020-06,150193.289,
ESTAT:EI_ISEN_M(1.0),18/01/23 11:00:00,M,NSA,IS-ING-TJ,CZ,2020-07,115101.448,
ESTAT:EI_ISEN_M(1.0),18/01/23 11:00:00,M,NSA,IS-ING-TJ,CZ,2020-08,173213.895,
ESTAT:EI_ISEN_M(1.0),18/01/23 11:00:00,M,NSA,IS-ING-TJ,CZ,2020-09,166173.526,
ESTAT:EI_ISEN_M(1.0),18/01/23 11:00:00,M,NSA,IS-ING-TJ,CZ,2020-10,130689.435,
ESTAT:EI_ISEN_M(1.0),18/01/23 11:00:00,M,NSA,IS-ING-TJ,CZ,2020-11,120225.459,
ESTAT:EI_ISEN_M(1.0),18/01/23 11:00:00,M,NSA,IS-ING-TJ,CZ,2020-12,122218.166,
ESTAT:EI_ISEN_M(1.0),18/01/23 11:00:00,M,NSA,IS-ING-TJ,CZ,2021-01,150696.634,
ESTAT:EI_ISEN_M(1.0),18/01/23 11:00:00,M,NSA,IS-ING-TJ,CZ,2021-02,109877.520,
ESTAT:EI_ISEN_M(1.0),18/01/23 11:00:00,M,NSA,IS-ING-TJ,CZ,2021-03,155963.769,
ESTAT:EI_ISEN_M(1.0),18/01/23 11:00:00,M,NSA,IS-ING-TJ,CZ,2021-04,171391.146,
ESTAT:EI_ISEN_M(1.0),18/01/23 11:00:00,M,NSA,IS-ING-TJ,CZ,2021-05,170134.465,
ESTAT:EI_ISEN_M(1.0),18/01/23 11:00:00,M,NSA,IS-ING-TJ,CZ,2021-06,157638.011,
ESTAT:EI_ISEN_M(1.0),18/01/23 11:00:00,M,NSA,IS-ING-TJ,CZ,2021-07,133262.350,
ESTAT:EI_ISEN_M(1.0),18/01/23 11:00:00,M,NSA,IS-ING-TJ,CZ,2021-08,156784.512,
ESTAT:EI_ISEN_M(1.0),18/01/23 11:00:00,M,NSA,IS-ING-TJ,CZ,2021-09,170314.359,
ESTAT:EI_ISEN_M(1.0),18/01/23 11:00:00,M,NSA,IS-ING-TJ,CZ,2021-10,139742.196,
ESTAT:EI_ISEN_M(1.0),18/01/23 11:00:00,M,NSA,IS-ING-TJ,CZ,2021-11,121461.068,
ESTAT:EI_ISEN_M(1.0),18/01/23 11:00:00,M,NSA,IS-ING-TJ,CZ,2021-12,115905.990,
ESTAT:EI_ISEN_M(1.0),18/01/23 11:00:00,M,NSA,IS-ING-TJ,CZ,2022-01,129407.577,
ESTAT:EI_ISEN_M(1.0),18/01/23 11:00:00,M,NSA,IS-ING-TJ,CZ,2022-02,116439.673,
ESTAT:EI_ISEN_M(1.0),18/01/23 11:00:00,M,NSA,IS-ING-TJ,CZ,2022-03,143888.131,
ESTAT:EI_ISEN_M(1.0),18/01/23 11:00:00,M,NSA,IS-ING-TJ,CZ,2022-04,140340.250,
ESTAT:EI_ISEN_M(1.0),18/01/23 11:00:00,M,NSA,IS-ING-TJ,CZ,2022-05,138435.436,
ESTAT:EI_ISEN_M(1.0),18/01/23 11:00:00,M,NSA,IS-ING-TJ,CZ,2022-06,115260.448,
ESTAT:EI_ISEN_M(1.0),18/01/23 11:00:00,M,NSA,IS-ING-TJ,CZ,2022-07,68384.022,
ESTAT:EI_ISEN_M(1.0),18/01/23 11:00:00,M,NSA,IS-ING-TJ,CZ,2022-08,48865.711,
ESTAT:EI_ISEN_M(1.0),18/01/23 11:00:00,M,NSA,IS-ING-TJ,CZ,2022-09,30609.168,
ESTAT:EI_ISEN_M(1.0),18/01/23 11:00:00,M,NSA,IS-ING-TJ,CZ,2022-10,49009.822,
ESTAT:EI_ISEN_M(1.0),18/01/23 11:00:00,M,NSA,IS-ING-TJ,CZ,2022-11,41209.808,
ESTAT:EI_ISEN_M(1.0),18/01/23 11:00:00,M,NSA,IS-PEL-GWH,CZ,2016-01,7276.000,
ESTAT:EI_ISEN_M(1.0),18/01/23 11:00:00,M,NSA,IS-PEL-GWH,CZ,2016-02,6763.000,
ESTAT:EI_ISEN_M(1.0),18/01/23 11:00:00,M,NSA,IS-PEL-GWH,CZ,2016-03,7490.000,
ESTAT:EI_ISEN_M(1.0),18/01/23 11:00:00,M,NSA,IS-PEL-GWH,CZ,2016-04,6593.000,
ESTAT:EI_ISEN_M(1.0),18/01/23 11:00:00,M,NSA,IS-PEL-GWH,CZ,2016-05,6430.000,
ESTAT:EI_ISEN_M(1.0),18/01/23 11:00:00,M,NSA,IS-PEL-GWH,CZ,2016-06,5789.000,
ESTAT:EI_ISEN_M(1.0),18/01/23 11:00:00,M,NSA,IS-PEL-GWH,CZ,2016-07,5727.000,
ESTAT:EI_ISEN_M(1.0),18/01/23 11:00:00,M,NSA,IS-PEL-GWH,CZ,2016-08,5564.000,
ESTAT:EI_ISEN_M(1.0),18/01/23 11:00:00,M,NSA,IS-PEL-GWH,CZ,2016-09,5397.000,
ESTAT:EI_ISEN_M(1.0),18/01/23 11:00:00,M,NSA,IS-PEL-GWH,CZ,2016-10,6367.000,
ESTAT:EI_ISEN_M(1.0),18/01/23 11:00:00,M,NSA,IS-PEL-GWH,CZ,2016-11,6834.000,
ESTAT:EI_ISEN_M(1.0),18/01/23 11:00:00,M,NSA,IS-PEL-GWH,CZ,2016-12,7143.000,
ESTAT:EI_ISEN_M(1.0),18/01/23 11:00:00,M,NSA,IS-PEL-GWH,CZ,2017-01,8078.928,
ESTAT:EI_ISEN_M(1.0),18/01/23 11:00:00,M,NSA,IS-PEL-GWH,CZ,2017-02,6951.168,
ESTAT:EI_ISEN_M(1.0),18/01/23 11:00:00,M,NSA,IS-PEL-GWH,CZ,2017-03,7385.940,
ESTAT:EI_ISEN_M(1.0),18/01/23 11:00:00,M,NSA,IS-PEL-GWH,CZ,2017-04,7322.139,
ESTAT:EI_ISEN_M(1.0),18/01/23 11:00:00,M,NSA,IS-PEL-GWH,CZ,2017-05,6305.373,
ESTAT:EI_ISEN_M(1.0),18/01/23 11:00:00,M,NSA,IS-PEL-GWH,CZ,2017-06,5414.627,
ESTAT:EI_ISEN_M(1.0),18/01/23 11:00:00,M,NSA,IS-PEL-GWH,CZ,2017-07,5046.216,
ESTAT:EI_ISEN_M(1.0),18/01/23 11:00:00,M,NSA,IS-PEL-GWH,CZ,2017-08,6065.513,
ESTAT:EI_ISEN_M(1.0),18/01/23 11:00:00,M,NSA,IS-PEL-GWH,CZ,2017-09,6691.570,
ESTAT:EI_ISEN_M(1.0),18/01/23 11:00:00,M,NSA,IS-PEL-GWH,CZ,2017-10,7143.862,
ESTAT:EI_ISEN_M(1.0),18/01/23 11:00:00,M,NSA,IS-PEL-GWH,CZ,2017-11,7629.058,
ESTAT:EI_ISEN_M(1.0),18/01/23 11:00:00,M,NSA,IS-PEL-GWH,CZ,2017-12,7031.980,
ESTAT:EI_ISEN_M(1.0),18/01/23 11:00:00,M,NSA,IS-PEL-GWH,CZ,2018-01,6972.493,
ESTAT:EI_ISEN_M(1.0),18/01/23 11:00:00,M,NSA,IS-PEL-GWH,CZ,2018-02,6615.517,
ESTAT:EI_ISEN_M(1.0),18/01/23 11:00:00,M,NSA,IS-PEL-GWH,CZ,2018-03,7883.425,
ESTAT:EI_ISEN_M(1.0),18/01/23 11:00:00,M,NSA,IS-PEL-GWH,CZ,2018-04,6229.582,
ESTAT:EI_ISEN_M(1.0),18/01/23 11:00:00,M,NSA,IS-PEL-GWH,CZ,2018-05,6592.862,
ESTAT:EI_ISEN_M(1.0),18/01/23 11:00:00,M,NSA,IS-PEL-GWH,CZ,2018-06,6180.496,
ESTAT:EI_ISEN_M(1.0),18/01/23 11:00:00,M,NSA,IS-PEL-GWH,CZ,2018-07,6160.844,
ESTAT:EI_ISEN_M(1.0),18/01/23 11:00:00,M,NSA,IS-PEL-GWH,CZ,2018-08,6279.955,
ESTAT:EI_ISEN_M(1.0),18/01/23 11:00:00,M,NSA,IS-PEL-GWH,CZ,2018-09,6617.478,
ESTAT:EI_ISEN_M(1.0),18/01/23 11:00:00,M,NSA,IS-PEL-GWH,CZ,2018-10,7258.882,
ESTAT:EI_ISEN_M(1.0),18/01/23 11:00:00,M,NSA,IS-PEL-GWH,CZ,2018-11,7520.023,
ESTAT:EI_ISEN_M(1.0),18/01/23 11:00:00,M,NSA,IS-PEL-GWH,CZ,2018-12,7656.070,
ESTAT:EI_ISEN_M(1.0),18/01/23 11:00:00,M,NSA,IS-PEL-GWH,CZ,2019-01,8000.632,
ESTAT:EI_ISEN_M(1.0),18/01/23 11:00:00,M,NSA,IS-PEL-GWH,CZ,2019-02,7237.196,
ESTAT:EI_ISEN_M(1.0),18/01/23 11:00:00,M,NSA,IS-PEL-GWH,CZ,2019-03,7003.579,
ESTAT:EI_ISEN_M(1.0),18/01/23 11:00:00,M,NSA,IS-PEL-GWH,CZ,2019-04,6421.724,
ESTAT:EI_ISEN_M(1.0),18/01/23 11:00:00,M,NSA,IS-PEL-GWH,CZ,2019-05,6686.309,
ESTAT:EI_ISEN_M(1.0),18/01/23 11:00:00,M,NSA,IS-PEL-GWH,CZ,2019-06,5725.117,
ESTAT:EI_ISEN_M(1.0),18/01/23 11:00:00,M,NSA,IS-PEL-GWH,CZ,2019-07,5318.748,
ESTAT:EI_ISEN_M(1.0),18/01/23 11:00:00,M,NSA,IS-PEL-GWH,CZ,2019-08,6056.371,
ESTAT:EI_ISEN_M(1.0),18/01/23 11:00:00,M,NSA,IS-PEL-GWH,CZ,2019-09,6524.015,
ESTAT:EI_ISEN_M(1.0),18/01/23 11:00:00,M,NSA,IS-PEL-GWH,CZ,2019-10,7484.428,
ESTAT:EI_ISEN_M(1.0),18/01/23 11:00:00,M,NSA,IS-PEL-GWH,CZ,2019-11,7321.741,
ESTAT:EI_ISEN_M(1.0),18/01/23 11:00:00,M,NSA,IS-PEL-GWH,CZ,2019-12,7353.704,
ESTAT:EI_ISEN_M(1.0),18/01/23 11:00:00,M,NSA,IS-PEL-GWH,CZ,2020-01,7530.728,
ESTAT:EI_ISEN_M(1.0),18/01/23 11:00:00,M,NSA,IS-PEL-GWH,CZ,2020-02,6713.539,
ESTAT:EI_ISEN_M(1.0),18/01/23 11:00:00,M,NSA,IS-PEL-GWH,CZ,2020-03,6500.078,
ESTAT:EI_ISEN_M(1.0),18/01/23 11:00:00,M,NSA,IS-PEL-GWH,CZ,2020-04,5249.529,
ESTAT:EI_ISEN_M(1.0),18/01/23 11:00:00,M,NSA,IS-PEL-GWH,CZ,2020-05,5657.180,
ESTAT:EI_ISEN_M(1.0),18/01/23 11:00:00,M,NSA,IS-PEL-GWH,CZ,2020-06,5719.188,
ESTAT:EI_ISEN_M(1.0),18/01/23 11:00:00,M,NSA,IS-PEL-GWH,CZ,2020-07,5416.935,
ESTAT:EI_ISEN_M(1.0),18/01/23 11:00:00,M,NSA,IS-PEL-GWH,CZ,2020-08,6138.696,
ESTAT:EI_ISEN_M(1.0),18/01/23 11:00:00,M,NSA,IS-PEL-GWH,CZ,2020-09,6150.818,
ESTAT:EI_ISEN_M(1.0),18/01/23 11:00:00,M,NSA,IS-PEL-GWH,CZ,2020-10,6580.445,
ESTAT:EI_ISEN_M(1.0),18/01/23 11:00:00,M,NSA,IS-PEL-GWH,CZ,2020-11,7210.405,
ESTAT:EI_ISEN_M(1.0),18/01/23 11:00:00,M,NSA,IS-PEL-GWH,CZ,2020-12,7247.665,
ESTAT:EI_ISEN_M(1.0),18/01/23 11:00:00,M,NSA,IS-PEL-GWH,CZ,2021-01,7729.245,
ESTAT:EI_ISEN_M(1.0),18/01/23 11:00:00,M,NSA,IS-PEL-GWH,CZ,2021-02,6781.616,
ESTAT:EI_ISEN_M(1.0),18/01/23 11:00:00,M,NSA,IS-PEL-GWH,CZ,2021-03,7027.446,
ESTAT:EI_ISEN_M(1.0),18/01/23 11:00:00,M,NSA,IS-PEL-GWH,CZ,2021-04,6037.159,
ESTAT:EI_ISEN_M(1.0),18/01/23 11:00:00,M,NSA,IS-PEL-GWH,CZ,2021-05,5474.806,
ESTAT:EI_ISEN_M(1.0),18/01/23 11:00:00,M,NSA,IS-PEL-GWH,CZ,2021-06,5569.260,
ESTAT:EI_ISEN_M(1.0),18/01/23 11:00:00,M,NSA,IS-PEL-GWH,CZ,2021-07,5741.308,
ESTAT:EI_ISEN_M(1.0),18/01/23 11:00:00,M,NSA,IS-PEL-GWH,CZ,2021-08,5703.436,
ESTAT:EI_ISEN_M(1.0),18/01/23 11:00:00,M,NSA,IS-PEL-GWH,CZ,2021-09,6317.183,
ESTAT:EI_ISEN_M(1.0),18/01/23 11:00:00,M,NSA,IS-PEL-GWH,CZ,2021-10,7460.261,
ESTAT:EI_ISEN_M(1.0),18/01/23 11:00:00,M,NSA,IS-PEL-GWH,CZ,2021-11,7725.228,
ESTAT:EI_ISEN_M(1.0),18/01/23 11:00:00,M,NSA,IS-PEL-GWH,CZ,2021-12,7729.237,
ESTAT:EI_ISEN_M(1.0),18/01/23 11:00:00,M,NSA,IS-PEL-GWH,CZ,2022-01,7559.423,
ESTAT:EI_ISEN_M(1.0),18/01/23 11:00:00,M,NSA,IS-PEL-GWH,CZ,2022-02,6467.758,
ESTAT:EI_ISEN_M(1.0),18/01/23 11:00:00,M,NSA,IS-PEL-GWH,CZ,2022-03,7575.091,
ESTAT:EI_ISEN_M(1.0),18/01/23 11:00:00,M,NSA,IS-PEL-GWH,CZ,2022-04,6023.628,
ESTAT:EI_ISEN_M(1.0),18/01/23 11:00:00,M,NSA,IS-PEL-GWH,CZ,2022-05,5642.074,
ESTAT:EI_ISEN_M(1.0),18/01/23 11:00:00,M,NSA,IS-PEL-GWH,CZ,2022-06,5997.733,
ESTAT:EI_ISEN_M(1.0),18/01/23 11:00:00,M,NSA,IS-PEL-GWH,CZ,2022-07,6127.830,
ESTAT:EI_ISEN_M(1.0),18/01/23 11:00:00,M,NSA,IS-PEL-GWH,CZ,2022-08,6128.448,
ESTAT:EI_ISEN_M(1.0),18/01/23 11:00:00,M,NSA,IS-PEL-GWH,CZ,2022-09,6375.516,
ESTAT:EI_ISEN_M(1.0),18/01/23 11:00:00,M,NSA,IS-PEL-GWH,CZ,2022-10,6134.546,
